,terms,csu_queries,csu_ctr,csu_find,nocsu_queries,nocsu_ctr,nocsu_find
0,body,10042.0,5832.0,5037.0,2518.0,508.0,467.0
1,terciopelo,9374.0,4790.0,2153.0,1882.0,298.0,198.0
3,jersey,6207.0,3608.0,1099.0,1135.0,345.0,198.0
7,abrigo pelo,5651.0,3201.0,2046.0,1331.0,58.0,31.0
2,pichi,5425.0,3091.0,2751.0,2057.0,458.0,438.0
4,lentejuelas,4544.0,2696.0,1960.0,834.0,56.0,42.0
12,abrigo,4232.0,2478.0,810.0,366.0,60.0,39.0
14,parka,4156.0,2240.0,1881.0,797.0,153.0,143.0
5,chaleco,3661.0,1786.0,1468.0,1835.0,253.0,232.0
6,pana,3551.0,1975.0,1822.0,819.0,150.0,142.0
15,biker,2923.0,1912.0,1158.0,876.0,236.0,187.0
16,camisa blanca,2706.0,1451.0,577.0,372.0,78.0,48.0
20,plumas,2623.0,1329.0,1059.0,715.0,101.0,95.0
24,vestidos,2569.0,1689.0,448.0,386.0,60.0,26.0
26,botines,2484.0,1108.0,669.0,659.0,34.0,20.0
29,cardigan,2439.0,1353.0,511.0,550.0,60.0,26.0
17,peto,2416.0,985.0,686.0,1321.0,78.0,50.0
34,jersey rayas,2357.0,1159.0,945.0,441.0,95.0,90.0
38,blazer,2124.0,1050.0,678.0,590.0,37.0,36.0
21,pendientes,2084.0,1058.0,462.0,534.0,163.0,92.0
32,mono,2064.0,1248.0,681.0,427.0,40.0,41.0
28,cazadora piel,2050.0,1344.0,723.0,545.0,339.0,281.0
18,top,2044.0,874.0,370.0,636.0,24.0,14.0
33,botin,2029.0,1032.0,617.0,414.0,141.0,73.0
37,premium,1985.0,1127.0,976.0,242.0,51.0,45.0
51,cazadora,1920.0,1177.0,593.0,514.0,114.0,95.0
43,chalecos,1908.0,1112.0,873.0,723.0,103.0,100.0
52,camisa,1908.0,970.0,236.0,213.0,77.0,13.0
36,pantalon pana,1886.0,854.0,804.0,548.0,61.0,60.0
41,jersey cuello alto,1797.0,972.0,746.0,295.0,59.0,48.0
23,botas,1795.0,892.0,774.0,598.0,113.0,104.0
31,top lencero,1791.0,1016.0,897.0,578.0,183.0,177.0
49,jersey negro,1757.0,1041.0,501.0,227.0,34.0,16.0
53,falda piel,1734.0,830.0,730.0,256.0,30.0,30.0
35,cashmere,1638.0,945.0,786.0,231.0,37.0,37.0
39,cuello alto,1632.0,949.0,567.0,401.0,29.0,28.0
71,chaqueta,1512.0,563.0,137.0,434.0,47.0,13.0
64,rojo,1481.0,890.0,295.0,366.0,6.0,6.0
25,pantalon cuadros,1480.0,854.0,764.0,345.0,43.0,37.0
46,jersey azul,1477.0,802.0,289.0,372.0,111.0,101.0
67,flare,1419.0,882.0,716.0,454.0,55.0,53.0
65,bolso,1401.0,762.0,234.0,245.0,12.0,12.0
56,falda cuadros,1372.0,666.0,593.0,257.0,26.0,25.0
70,militar,1328.0,786.0,692.0,223.0,23.0,23.0
80,jersey gris,1290.0,745.0,197.0,207.0,33.0,19.0
63,pantalon terciopelo,1287.0,742.0,691.0,252.0,74.0,76.0
47,trench,1261.0,636.0,582.0,329.0,49.0,49.0
48,pantalon,1258.0,715.0,179.0,108.0,16.0,16.0
60,tiro alto,1255.0,746.0,374.0,243.0,50.0,15.0
30,soho,1227.0,915.0,822.0,246.0,95.0,94.0
40,jersey rojo,1202.0,605.0,233.0,315.0,45.0,30.0
55,abrigo negro,1194.0,618.0,404.0,163.0,50.0,23.0
69,faldas,1164.0,674.0,322.0,122.0,15.0,15.0
82,isa,1124.0,691.0,617.0,230.0,64.0,64.0
73,vinilo,1107.0,590.0,555.0,522.0,70.0,70.0
98,vestido rojo,1040.0,612.0,331.0,281.0,27.0,25.0
90,jeans,1003.0,587.0,227.0,124.0,11.0,5.0
102,lila,953.0,513.0,280.0,207.0,19.0,6.0
81,lana,946.0,571.0,219.0,136.0,10.0,5.0
106,neceser,924.0,504.0,220.0,320.0,39.0,31.0
68,rayas,891.0,435.0,207.0,255.0,30.0,23.0
87,paty,879.0,622.0,562.0,354.0,118.0,109.0
95,bodies,877.0,516.0,421.0,226.0,10.0,10.0
74,zapatos,851.0,470.0,152.0,222.0,27.0,7.0
86,bomber,839.0,298.0,265.0,448.0,9.0,9.0
118,botas xl,825.0,310.0,291.0,216.0,40.0,39.0
117,falda plisada,800.0,431.0,402.0,233.0,6.0,6.0
75,bolsos,789.0,471.0,113.0,237.0,71.0,23.0
129,cuello,783.0,302.0,78.0,243.0,27.0,27.0
114,botin calcetin,757.0,409.0,367.0,150.0,18.0,17.0
124,vestido flores,751.0,528.0,338.0,81.0,13.0,13.0
113,maternity,736.0,391.0,356.0,160.0,34.0,34.0
128,parka party,731.0,334.0,301.0,147.0,63.0,60.0
100,gabardina,727.0,390.0,344.0,326.0,81.0,77.0
92,vestido terciopelo,724.0,341.0,325.0,235.0,44.0,43.0
104,canale,721.0,427.0,149.0,131.0,15.0,15.0
94,jersey lila,715.0,345.0,276.0,185.0,16.0,16.0
88,capa,706.0,363.0,272.0,151.0,8.0,7.0
108,vestido camisero,699.0,361.0,260.0,270.0,21.0,15.0
132,short,696.0,421.0,316.0,190.0,6.0,6.0
79,lencero,688.0,383.0,237.0,261.0,101.0,76.0
138,abrigo cuadros,687.0,296.0,270.0,467.0,78.0,74.0
134,botas rojas,665.0,312.0,283.0,427.0,6.0,6.0
127,abrigo rosa,663.0,416.0,328.0,109.0,28.0,28.0
107,bolso rojo,661.0,291.0,247.0,162.0,10.0,9.0
121,jersey escote pico,657.0,397.0,348.0,343.0,126.0,116.0
96,top lentejuelas,656.0,351.0,325.0,216.0,20.0,19.0
97,jersey rosa,645.0,308.0,203.0,76.0,4.0,4.0
141,borreguito,636.0,348.0,323.0,174.0,12.0,12.0
93,abrigo rojo,625.0,351.0,251.0,121.0,36.0,36.0
125,fiesta,597.0,216.0,115.0,209.0,10.0,10.0
143,bota xl,590.0,338.0,293.0,186.0,12.0,12.0
99,blusa blanca,590.0,316.0,154.0,91.0,22.0,7.0
101,vestido largo,580.0,341.0,132.0,182.0,34.0,11.0
149,americanas,575.0,353.0,218.0,78.0,6.0,6.0
116,jersey pico,574.0,340.0,280.0,333.0,74.0,70.0
131,metalizado,571.0,300.0,86.0,156.0,15.0,5.0
139,push up,569.0,394.0,352.0,137.0,73.0,71.0
160,chaqueta cuadros,564.0,230.0,217.0,305.0,63.0,61.0
145,verde,564.0,315.0,45.0,145.0,16.0,11.0
165,jersey canale,563.0,294.0,155.0,147.0,32.0,25.0
120,paraguas,558.0,347.0,302.0,164.0,5.0,5.0
123,gales,556.0,348.0,317.0,75.0,10.0,9.0
151,vestido lunares,554.0,317.0,291.0,182.0,57.0,56.0
168,ante,550.0,252.0,152.0,133.0,19.0,6.0
105,camisa cuadros,549.0,317.0,272.0,105.0,8.0,7.0
140,vestido cuadros,540.0,239.0,202.0,174.0,21.0,21.0
115,seda,536.0,254.0,227.0,84.0,4.0,4.0
178,estuche,532.0,313.0,235.0,412.0,160.0,130.0
167,top negro,531.0,209.0,95.0,226.0,19.0,6.0
144,chaqueta terciopelo,530.0,273.0,248.0,145.0,49.0,47.0
103,calcetines,517.0,295.0,196.0,140.0,7.0,7.0
152,caftan,513.0,198.0,95.0,166.0,43.0,27.0
119,americana terciopelo,513.0,284.0,252.0,115.0,12.0,12.0
147,palazzo,504.0,233.0,195.0,139.0,10.0,10.0
158,vestido blanco,502.0,261.0,136.0,98.0,5.0,5.0
161,mom,492.0,238.0,219.0,97.0,32.0,30.0
122,camisetas,481.0,253.0,68.0,79.0,8.0,8.0
171,americana cuadros,474.0,248.0,223.0,76.0,17.0,17.0
142,bota,472.0,260.0,235.0,231.0,45.0,46.0
111,mostaza,466.0,180.0,70.0,103.0,11.0,4.0
199,tarjetero,466.0,348.0,307.0,96.0,13.0,13.0
196,basic,462.0,297.0,147.0,53.0,13.0,6.0
186,cazadora vaquera,454.0,270.0,242.0,195.0,42.0,41.0
156,bolso negro,453.0,275.0,121.0,132.0,14.0,9.0
135,flecos,449.0,238.0,168.0,148.0,8.0,8.0
175,denim,443.0,286.0,147.0,281.0,43.0,22.0
169,leggings,441.0,167.0,121.0,99.0,15.0,10.0
163,abrigo azul,441.0,255.0,145.0,71.0,5.0,5.0
172,falda roja,437.0,209.0,192.0,59.0,5.0,5.0
166,pantalon blanco,434.0,182.0,103.0,94.0,20.0,20.0
180,poncho,415.0,146.0,94.0,180.0,10.0,5.0
174,monedero,415.0,269.0,140.0,94.0,5.0,5.0
185,jersey oversize,414.0,225.0,191.0,170.0,32.0,32.0
150,lentejuela,410.0,236.0,192.0,166.0,26.0,12.0
197,audrey,409.0,315.0,295.0,43.0,29.0,29.0
194,mickey,407.0,206.0,191.0,72.0,6.0,6.0
200,cola,406.0,298.0,284.0,30.0,18.0,17.0
181,jersey manga abullonada,401.0,250.0,231.0,57.0,46.0,43.0
198,zapato,401.0,215.0,79.0,12.0,11.0,11.0
210,jeans tiro alto,396.0,240.0,200.0,229.0,82.0,63.0
224,jerseis,396.0,214.0,66.0,64.0,7.0,7.0
213,volantes,393.0,220.0,56.0,98.0,13.0,6.0
189,due,393.0,138.0,130.0,22.0,5.0,5.0
205,camuflaje,390.0,162.0,148.0,170.0,12.0,12.0
184,irina,385.0,237.0,211.0,94.0,30.0,28.0
133,botin negro,383.0,190.0,176.0,63.0,14.0,13.0
159,pata de gallo,381.0,265.0,232.0,97.0,4.0,4.0
222,jersey punto grueso,378.0,237.0,199.0,94.0,19.0,19.0
164,commited,377.0,249.0,182.0,36.0,8.0,4.0
202,cazadora biker,375.0,199.0,153.0,112.0,22.0,11.0
219,vestido azul,372.0,205.0,83.0,96.0,31.0,12.0
227,cinda,370.0,206.0,195.0,54.0,38.0,37.0
233,jersey raya contraste,369.0,163.0,144.0,266.0,95.0,94.0
218,polo,368.0,196.0,110.0,111.0,48.0,36.0
235,jersey punto,351.0,168.0,41.0,124.0,52.0,52.0
239,jeans alice,345.0,216.0,204.0,213.0,89.0,86.0
155,verun,345.0,254.0,231.0,34.0,7.0,7.0
229,boreal,342.0,219.0,197.0,44.0,30.0,24.0
214,borrego,340.0,131.0,118.0,74.0,11.0,11.0
162,abrigo verde,328.0,147.0,99.0,45.0,14.0,11.0
207,falda vaquera,324.0,183.0,169.0,99.0,5.0,5.0
154,encerados,324.0,257.0,241.0,71.0,24.0,20.0
183,jeans olivia,324.0,232.0,216.0,35.0,12.0,12.0
255,falda volante,321.0,118.0,98.0,94.0,13.0,13.0
193,cazadora denim,314.0,102.0,91.0,75.0,13.0,13.0
217,jersey algodon,314.0,200.0,99.0,67.0,15.0,15.0
242,pantalon polipiel,313.0,179.0,142.0,117.0,42.0,40.0
258,cuello vuelto,308.0,137.0,115.0,106.0,13.0,12.0
206,chaqueta roja,308.0,205.0,147.0,38.0,5.0,5.0
190,pantalon tiro alto,305.0,168.0,125.0,100.0,13.0,13.0
238,blazer terciopelo,303.0,166.0,152.0,42.0,11.0,11.0
192,blazer cuadros,291.0,148.0,139.0,54.0,4.0,4.0
279,pisa,281.0,203.0,188.0,13.0,6.0,6.0
203,abrigo militar,280.0,179.0,170.0,25.0,12.0,12.0
182,pantalon flare,279.0,164.0,150.0,40.0,14.0,14.0
257,abrigo capucha pelo,278.0,144.0,113.0,113.0,23.0,23.0
231,jeans noa,276.0,199.0,185.0,90.0,39.0,34.0
191,abrigo camel,276.0,165.0,118.0,72.0,19.0,11.0
252,anorak blandi,272.0,199.0,181.0,33.0,32.0,31.0
291,pantalon pinzas,269.0,145.0,108.0,50.0,7.0,7.0
268,pantalones cuadros,268.0,148.0,135.0,110.0,71.0,67.0
195,top encaje,268.0,158.0,140.0,53.0,4.0,4.0
251,jersey manga acampanada,267.0,144.0,85.0,44.0,16.0,10.0
261,bulky,266.0,22.0,21.0,184.0,42.0,40.0
226,amarillo,265.0,134.0,53.0,81.0,23.0,23.0
274,pantalon glitter,262.0,155.0,148.0,202.0,25.0,24.0
275,lino,262.0,134.0,123.0,101.0,6.0,6.0
241,jersey amarillo,262.0,138.0,100.0,95.0,39.0,37.0
237,blusa lunares,258.0,100.0,93.0,69.0,24.0,23.0
263,andrea,256.0,183.0,160.0,90.0,38.0,37.0
297,bolso terciopelo,255.0,164.0,149.0,49.0,7.0,7.0
302,flat,253.0,204.0,193.0,7.0,7.0,7.0
244,mohair,251.0,170.0,152.0,81.0,9.0,9.0
293,bota roja,247.0,56.0,51.0,177.0,13.0,13.0
265,bando,244.0,104.0,97.0,17.0,5.0,5.0
240,chaleco mujer,237.0,141.0,121.0,116.0,14.0,9.0
282,calcetin,232.0,112.0,94.0,104.0,22.0,5.0
298,vestido entallado,232.0,123.0,94.0,37.0,12.0,11.0
320,after,230.0,97.0,91.0,13.0,6.0,6.0
254,falda midi,229.0,77.0,63.0,74.0,5.0,4.0
281,jersey raya,229.0,77.0,72.0,74.0,5.0,5.0
250,arizona,229.0,146.0,139.0,66.0,23.0,22.0
299,liz,229.0,173.0,159.0,36.0,23.0,23.0
319,jersey punto rayas,225.0,166.0,155.0,26.0,12.0,12.0
209,guipur,224.0,125.0,114.0,43.0,18.0,14.0
269,estrellas,222.0,73.0,67.0,167.0,5.0,5.0
324,blusa manga abullonada,222.0,169.0,114.0,47.0,19.0,13.0
277,perla,221.0,131.0,55.0,38.0,5.0,5.0
305,blusa plumeti,221.0,89.0,78.0,24.0,12.0,11.0
300,toky,220.0,88.0,82.0,18.0,6.0,6.0
296,jersey pelo,218.0,85.0,78.0,75.0,22.0,21.0
236,camisa vaquera,218.0,88.0,80.0,69.0,4.0,4.0
326,blusa botones,218.0,85.0,62.0,33.0,6.0,6.0
334,vertu,216.0,170.0,162.0,27.0,6.0,6.0
285,jersey volantes,214.0,122.0,87.0,48.0,21.0,21.0
347,parches,213.0,72.0,48.0,144.0,13.0,13.0
216,jersey azul marino,212.0,128.0,60.0,62.0,25.0,18.0
223,pichi pana,212.0,120.0,113.0,51.0,15.0,15.0
287,abrigo doble faz,210.0,100.0,94.0,82.0,5.0,5.0
317,pantalon efecto piel,209.0,100.0,89.0,61.0,6.0,6.0
232,vestido verde,208.0,106.0,60.0,79.0,18.0,4.0
248,brasilia,206.0,158.0,75.0,107.0,24.0,19.0
331,irene,204.0,142.0,129.0,90.0,49.0,49.0
353,salon,203.0,136.0,125.0,125.0,92.0,92.0
328,shorts,200.0,96.0,75.0,133.0,6.0,6.0
306,pantalon cuadro,199.0,172.0,92.0,103.0,55.0,54.0
348,strass,199.0,77.0,73.0,91.0,19.0,18.0
323,pico,199.0,112.0,36.0,50.0,23.0,11.0
327,jeans encerados,199.0,184.0,153.0,24.0,6.0,6.0
256,julie,197.0,61.0,56.0,16.0,4.0,4.0
249,vestido floral,195.0,100.0,66.0,66.0,31.0,27.0
316,zapato destalonado,194.0,168.0,140.0,72.0,48.0,48.0
339,hope,193.0,112.0,104.0,52.0,24.0,25.0
343,massha,192.0,126.0,119.0,19.0,6.0,6.0
260,pantalon lana,190.0,98.0,92.0,33.0,12.0,12.0
262,crop,189.0,98.0,33.0,94.0,29.0,24.0
267,pantalon encerado,189.0,66.0,55.0,92.0,16.0,16.0
311,lauris,189.0,154.0,139.0,47.0,30.0,25.0
340,venus,189.0,104.0,98.0,30.0,23.0,23.0
321,mocasin,186.0,91.0,83.0,114.0,21.0,20.0
292,tribeca,185.0,166.0,151.0,5.0,5.0,5.0
333,escote,184.0,91.0,35.0,47.0,33.0,11.0
259,mochilas,182.0,43.0,34.0,47.0,4.0,4.0
318,camisa verde,180.0,112.0,39.0,41.0,15.0,10.0
342,slim,177.0,102.0,94.0,23.0,5.0,5.0
374,chloe,177.0,153.0,140.0,7.0,6.0,6.0
289,jersey bando,175.0,67.0,63.0,66.0,18.0,17.0
351,vestido tina,173.0,22.0,20.0,12.0,6.0,6.0
312,gabardinas,171.0,81.0,65.0,39.0,13.0,13.0
370,mariah,171.0,142.0,130.0,13.0,6.0,6.0
364,sobrecamisa,170.0,53.0,49.0,128.0,6.0,6.0
346,top terciopelo,169.0,91.0,78.0,117.0,38.0,37.0
386,camiseta chemu,168.0,117.0,104.0,13.0,13.0,13.0
383,parka pelo,167.0,142.0,136.0,39.0,6.0,6.0
367,cazadora liz,167.0,105.0,96.0,31.0,30.0,23.0
309,vestido manga larga,164.0,86.0,43.0,64.0,4.0,4.0
276,jeans isa,163.0,91.0,85.0,32.0,15.0,16.0
387,plum,162.0,94.0,63.0,101.0,52.0,50.0
338,plateado,160.0,44.0,27.0,54.0,15.0,15.0
304,abrigo lauris,160.0,135.0,121.0,26.0,9.0,8.0
344,muriel,160.0,77.0,71.0,10.0,5.0,5.0
288,broche,159.0,97.0,92.0,59.0,12.0,11.0
284,deportivas,159.0,77.0,68.0,52.0,4.0,4.0
280,polipiel,158.0,53.0,17.0,83.0,4.0,4.0
376,camisa blanca mujer,157.0,76.0,61.0,95.0,57.0,27.0
266,pijama,157.0,44.0,38.0,93.0,7.0,7.0
379,top tirantes,156.0,103.0,51.0,42.0,12.0,6.0
403,camisa mao,155.0,140.0,128.0,7.0,7.0,6.0
392,cuadro,154.0,59.0,22.0,44.0,6.0,6.0
361,abrigo beige,153.0,67.0,62.0,39.0,5.0,5.0
349,jersey calado,150.0,50.0,46.0,63.0,24.0,23.0
399,anorak esquimal,150.0,59.0,55.0,51.0,6.0,6.0
377,bota calcetin,149.0,43.0,39.0,87.0,23.0,22.0
332,pantalones terciopelo,148.0,85.0,77.0,38.0,18.0,17.0
405,clutch,146.0,55.0,51.0,140.0,6.0,6.0
428,maite,146.0,90.0,83.0,14.0,7.0,7.0
337,zapato salon,145.0,88.0,69.0,61.0,13.0,13.0
360,jersey detalles calados,141.0,77.0,73.0,41.0,5.0,5.0
425,cardigan gris,138.0,83.0,28.0,20.0,6.0,6.0
411,polos,137.0,46.0,26.0,50.0,12.0,11.0
357,blusa fluida botones,136.0,62.0,55.0,64.0,14.0,14.0
433,blusa encaje,135.0,75.0,69.0,54.0,7.0,6.0
451,indiri,133.0,108.0,101.0,14.0,13.0,13.0
336,abullonada,131.0,72.0,48.0,73.0,13.0,8.0
378,carlota,131.0,72.0,68.0,40.0,14.0,14.0
310,pantalones encerados,131.0,68.0,64.0,38.0,14.0,14.0
382,vestido manga abullonada,131.0,78.0,72.0,37.0,10.0,10.0
371,negro,131.0,81.0,8.0,10.0,5.0,5.0
365,abrigo piel,130.0,59.0,54.0,59.0,5.0,5.0
448,jeans soho,129.0,92.0,86.0,20.0,7.0,6.0
469,globo,129.0,104.0,84.0,7.0,7.0,6.0
439,blusa roja,128.0,52.0,43.0,26.0,6.0,6.0
356,ranika,127.0,95.0,87.0,23.0,9.0,8.0
430,vestido piel,125.0,40.0,38.0,90.0,6.0,6.0
391,abrigo plumas,125.0,56.0,44.0,37.0,15.0,15.0
467,cazadora verona,125.0,76.0,69.0,14.0,13.0,13.0
390,pelos,122.0,66.0,13.0,40.0,5.0,5.0
410,abrigo borreguito,121.0,71.0,61.0,45.0,16.0,15.0
452,pantalones piel,121.0,62.0,59.0,13.0,6.0,6.0
413,vestido pata de gallo,120.0,79.0,74.0,38.0,32.0,31.0
466,jeans encerado,120.0,42.0,33.0,13.0,6.0,6.0
396,willy,120.0,80.0,73.0,5.0,5.0,5.0
402,abrigos negros,119.0,38.0,22.0,21.0,15.0,5.0
422,abrigo cachito,118.0,49.0,46.0,11.0,5.0,5.0
436,newbasic,116.0,89.0,83.0,34.0,27.0,27.0
453,verona,115.0,72.0,68.0,6.0,6.0,6.0
406,jersey punto calado,113.0,37.0,35.0,82.0,5.0,5.0
397,friends,110.0,59.0,54.0,87.0,9.0,9.0
463,coli,110.0,71.0,66.0,18.0,17.0,16.0
426,calcetines hombre,110.0,51.0,35.0,15.0,5.0,5.0
492,jersey space,110.0,73.0,69.0,14.0,7.0,6.0
474,gali,109.0,77.0,70.0,32.0,24.0,24.0
446,jersey flores,108.0,48.0,44.0,29.0,6.0,5.0
481,chala,108.0,75.0,69.0,6.0,12.0,6.0
459,falda rosa,106.0,36.0,34.0,52.0,11.0,11.0
496,botas mujer,106.0,39.0,35.0,35.0,7.0,6.0
487,cachito,106.0,84.0,79.0,20.0,19.0,19.0
482,pio,106.0,69.0,58.0,6.0,6.0,6.0
434,dublin,105.0,80.0,75.0,31.0,15.0,15.0
394,candy,105.0,47.0,45.0,18.0,13.0,12.0
491,abrigo solapas,105.0,78.0,44.0,13.0,6.0,6.0
352,abrigo marron,104.0,47.0,27.0,68.0,3.0,3.0
384,cardigan mangas pelo,104.0,31.0,28.0,16.0,4.0,4.0
461,americana principe de gales,103.0,79.0,72.0,39.0,11.0,10.0
375,falda larga,101.0,27.0,26.0,69.0,7.0,7.0
444,chaqueta pana,101.0,71.0,66.0,36.0,5.0,5.0
502,pantalon cargo,101.0,53.0,50.0,20.0,6.0,6.0
483,billetera,100.0,62.0,16.0,73.0,35.0,34.0
417,pantalon marron,100.0,38.0,35.0,28.0,4.0,4.0
473,bota xl tacon,99.0,42.0,39.0,39.0,11.0,10.0
513,bosque,99.0,76.0,70.0,28.0,19.0,19.0
420,antelina,99.0,45.0,43.0,18.0,4.0,4.0
398,league,96.0,73.0,68.0,63.0,16.0,16.0
443,pantalon hebilla,96.0,46.0,42.0,44.0,9.0,9.0
464,botines blancos,96.0,25.0,23.0,16.0,5.0,5.0
416,bolso shopper,93.0,54.0,40.0,29.0,4.0,4.0
504,pantalon cremalleras,93.0,60.0,57.0,6.0,6.0,6.0
494,logo,92.0,78.0,62.0,89.0,86.0,52.0
460,blusa rayas,92.0,42.0,34.0,41.0,14.0,14.0
393,korine,92.0,61.0,56.0,16.0,8.0,7.0
470,blandita,92.0,56.0,52.0,5.0,5.0,5.0
534,falda vinilo,91.0,62.0,58.0,34.0,13.0,13.0
510,haramon,91.0,81.0,75.0,31.0,24.0,24.0
462,crop isa,91.0,68.0,63.0,30.0,29.0,28.0
500,vestido botones,91.0,27.0,20.0,24.0,6.0,5.0
546,canali,90.0,78.0,74.0,13.0,7.0,6.0
544,falda cuadro,89.0,31.0,28.0,20.0,19.0,18.0
421,cazadora negra,89.0,40.0,24.0,12.0,4.0,4.0
520,kyoto,89.0,50.0,48.0,12.0,6.0,6.0
395,esquimal,89.0,20.0,19.0,8.0,4.0,3.0
404,eyelets,89.0,61.0,57.0,4.0,4.0,4.0
495,vestido canale,88.0,27.0,25.0,53.0,11.0,11.0
532,cero,88.0,73.0,67.0,47.0,31.0,30.0
447,venti,88.0,42.0,40.0,19.0,9.0,9.0
475,romance,88.0,42.0,40.0,16.0,15.0,14.0
476,combi,88.0,47.0,35.0,16.0,5.0,5.0
455,anillos,87.0,27.0,25.0,72.0,23.0,22.0
445,espalda,87.0,46.0,34.0,22.0,9.0,4.0
558,shangai,87.0,51.0,47.0,21.0,7.0,6.0
550,abrigo keller,87.0,42.0,39.0,7.0,6.0,6.0
485,abrigo pelo mujer,86.0,57.0,36.0,32.0,10.0,10.0
555,pantalon moto,86.0,70.0,64.0,28.0,7.0,6.0
560,helen,85.0,61.0,58.0,20.0,13.0,13.0
514,camisa lencera,85.0,44.0,41.0,18.0,6.0,6.0
429,dylan,84.0,67.0,63.0,8.0,4.0,4.0
524,chaleco blanvest,84.0,74.0,70.0,6.0,6.0,6.0
415,chaqueta verde,83.0,28.0,20.0,27.0,4.0,4.0
419,jersey naranja,81.0,20.0,18.0,18.0,3.0,3.0
424,tina,80.0,14.0,13.0,23.0,4.0,3.0
557,jersey detalle volantes,80.0,65.0,44.0,19.0,6.0,6.0
484,camiseta terciopelo,79.0,27.0,25.0,40.0,5.0,5.0
567,bolso burdeos,79.0,29.0,27.0,13.0,6.0,6.0
516,jeans andrea,79.0,55.0,52.0,11.0,11.0,10.0
522,botin calcetin tacon,79.0,39.0,37.0,11.0,5.0,5.0
535,falda gris,75.0,46.0,33.0,27.0,5.0,5.0
437,leo,75.0,17.0,16.0,18.0,7.0,7.0
559,camisa oxford,75.0,60.0,56.0,18.0,17.0,17.0
508,vestidos punto,74.0,28.0,27.0,52.0,5.0,5.0
541,brad,74.0,41.0,38.0,17.0,11.0,11.0
576,botin piel,73.0,34.0,32.0,37.0,12.0,6.0
479,william,73.0,48.0,44.0,9.0,4.0,4.0
488,david,73.0,57.0,48.0,9.0,4.0,4.0
523,abeto,73.0,52.0,44.0,5.0,5.0,5.0
440,lianar,73.0,50.0,47.0,4.0,4.0,3.0
593,pulsera,72.0,18.0,17.0,34.0,6.0,6.0
543,blaser,72.0,30.0,28.0,16.0,10.0,5.0
545,vestido midi guipur,72.0,35.0,32.0,16.0,5.0,5.0
501,pam,71.0,35.0,31.0,14.0,4.0,4.0
597,abrigos plumas,70.0,59.0,45.0,26.0,32.0,12.0
531,pantalon cinturon,69.0,38.0,26.0,41.0,5.0,5.0
489,cuso,69.0,27.0,26.0,9.0,8.0,8.0
590,abrigo blanco,68.0,53.0,27.0,51.0,12.0,12.0
521,star,68.0,44.0,40.0,9.0,5.0,4.0
592,cazadora biker apliques,67.0,66.0,55.0,39.0,24.0,12.0
518,john,67.0,61.0,48.0,9.0,5.0,4.0
620,blusa italy,66.0,25.0,23.0,28.0,19.0,19.0
624,texas,66.0,38.0,36.0,21.0,7.0,7.0
517,oleo,66.0,25.0,24.0,9.0,4.0,4.0
549,soul,66.0,23.0,21.0,5.0,5.0,5.0
530,abrigo mostaza,65.0,4.0,4.0,49.0,18.0,18.0
456,tachuelas,65.0,30.0,28.0,44.0,3.0,3.0
594,jersey negro mujer,65.0,44.0,15.0,30.0,6.0,5.0
599,americana botones,65.0,17.0,16.0,18.0,6.0,6.0
601,sharon,65.0,34.0,32.0,12.0,12.0,12.0
512,astro,63.0,41.0,38.0,18.0,4.0,4.0
580,francia,63.0,24.0,23.0,11.0,10.0,10.0
503,camiseta rock,63.0,34.0,32.0,8.0,4.0,4.0
575,falda ante,62.0,15.0,14.0,33.0,5.0,5.0
539,chicago,62.0,33.0,31.0,18.0,13.0,13.0
598,bella,62.0,22.0,20.0,17.0,6.0,5.0
604,cesped,62.0,48.0,45.0,6.0,6.0,6.0
552,abrigo pelo capucha,61.0,26.0,20.0,44.0,18.0,18.0
621,rico,61.0,35.0,32.0,25.0,18.0,17.0
628,jeans slim,61.0,17.0,16.0,19.0,12.0,12.0
630,americana cuadrito,61.0,58.0,49.0,13.0,12.0,12.0
490,cazadora leila,61.0,50.0,45.0,7.0,4.0,4.0
606,plait,61.0,53.0,50.0,6.0,6.0,5.0
569,maca,61.0,31.0,29.0,5.0,5.0,5.0
506,line,61.0,11.0,10.0,4.0,4.0,4.0
602,abrigo nuri,60.0,32.0,29.0,11.0,11.0,10.0
515,top flecos,60.0,35.0,33.0,9.0,4.0,4.0
641,camiseta solidaria,59.0,37.0,29.0,47.0,26.0,25.0
617,lunar,59.0,23.0,10.0,30.0,12.0,6.0
618,faz,59.0,38.0,36.0,30.0,6.0,6.0
613,jersey lunares,58.0,11.0,10.0,37.0,12.0,6.0
615,verde agua,58.0,17.0,10.0,36.0,6.0,6.0
509,nevado,58.0,33.0,31.0,25.0,12.0,11.0
568,brillos,58.0,9.0,8.0,10.0,5.0,4.0
586,cuadrito,58.0,29.0,26.0,5.0,5.0,5.0
645,berlin,57.0,43.0,40.0,27.0,6.0,6.0
659,lucille,57.0,12.0,11.0,13.0,6.0,6.0
632,lennon,57.0,44.0,41.0,12.0,12.0,11.0
519,yeti,57.0,51.0,45.0,8.0,4.0,4.0
507,petra,57.0,30.0,28.0,4.0,4.0,3.0
596,tunica,56.0,25.0,23.0,22.0,5.0,5.0
627,solap,56.0,42.0,34.0,17.0,11.0,10.0
591,mono encaje,55.0,34.0,31.0,42.0,5.0,5.0
573,blazer blanca,55.0,31.0,29.0,29.0,14.0,13.0
561,bota celsa,55.0,37.0,30.0,9.0,4.0,4.0
548,ryan,55.0,38.0,35.0,8.0,4.0,4.0
612,jersey hilo metalico,54.0,37.0,34.0,40.0,28.0,26.0
556,americana gales,54.0,40.0,36.0,13.0,12.0,12.0
585,adela,54.0,25.0,24.0,9.0,4.0,4.0
528,jegging,53.0,25.0,24.0,48.0,15.0,15.0
498,candela,53.0,39.0,36.0,14.0,3.0,3.0
686,cazadora piel negra,53.0,44.0,12.0,14.0,7.0,7.0
605,leonor,53.0,33.0,30.0,5.0,5.0,5.0
642,falda tul,52.0,27.0,25.0,42.0,17.0,11.0
529,jersey punto combinado,52.0,29.0,27.0,39.0,30.0,26.0
671,bolso bordado,52.0,31.0,29.0,35.0,7.0,6.0
537,corleone,52.0,43.0,36.0,16.0,4.0,4.0
563,nudoso,52.0,43.0,39.0,8.0,4.0,4.0
698,liberty,52.0,25.0,23.0,7.0,6.0,6.0
694,marte,51.0,24.0,23.0,14.0,6.0,6.0
527,cazadora ante,51.0,13.0,12.0,4.0,3.0,3.0
637,cardigan pelo,50.0,10.0,10.0,468.0,72.0,70.0
677,cazadoras vaqueras,50.0,23.0,22.0,33.0,13.0,12.0
533,fuseau,50.0,30.0,28.0,25.0,14.0,14.0
649,halter,50.0,32.0,30.0,24.0,6.0,5.0
651,jersey flecos,50.0,21.0,20.0,18.0,6.0,6.0
693,skinny crop,50.0,30.0,28.0,13.0,6.0,6.0
730,jersey rayas botones,48.0,39.0,36.0,21.0,13.0,13.0
688,silvy,48.0,17.0,16.0,12.0,12.0,12.0
692,olga,48.0,23.0,21.0,12.0,6.0,6.0
656,rosanna,48.0,36.0,33.0,11.0,10.0,10.0
566,leli,48.0,28.0,26.0,8.0,11.0,7.0
581,camiseta flecos,48.0,32.0,29.0,8.0,8.0,8.0
744,blusa pink,48.0,39.0,36.0,7.0,7.0,7.0
664,amelia,48.0,30.0,23.0,5.0,5.0,5.0
588,jersey globo,48.0,23.0,21.0,4.0,4.0,4.0
610,canguro,47.0,32.0,25.0,54.0,5.0,5.0
675,vestido saco,47.0,6.0,5.0,30.0,6.0,6.0
644,abrigo capucha,47.0,25.0,14.0,27.0,16.0,15.0
650,chaqueta seul,47.0,10.0,10.0,17.0,11.0,11.0
702,vanet,47.0,29.0,27.0,6.0,6.0,6.0
551,splota,47.0,16.0,15.0,4.0,3.0,3.0
721,vestido cuello,46.0,26.0,24.0,35.0,20.0,13.0
572,aviador,46.0,33.0,31.0,25.0,8.0,7.0
626,nerv,46.0,36.0,34.0,15.0,14.0,14.0
658,eva,46.0,29.0,27.0,11.0,5.0,5.0
629,push up kim,46.0,35.0,32.0,10.0,5.0,5.0
587,ice,46.0,29.0,27.0,4.0,4.0,4.0
639,body encaje,45.0,38.0,35.0,42.0,15.0,14.0
720,blonda,45.0,12.0,11.0,40.0,13.0,12.0
734,blusa panel volantes,45.0,42.0,34.0,13.0,13.0,12.0
724,sleeves,44.0,24.0,22.0,33.0,12.0,6.0
740,jeans uptown,44.0,29.0,27.0,13.0,12.0,12.0
565,pichipan,44.0,36.0,33.0,7.0,3.0,3.0
704,top helen,44.0,16.0,15.0,6.0,5.0,5.0
634,marta,44.0,29.0,27.0,5.0,4.0,4.0
603,binger,44.0,26.0,25.0,4.0,4.0,4.0
571,jeans campana,43.0,3.0,3.0,35.0,4.0,4.0
670,pantalon beige,43.0,10.0,10.0,28.0,5.0,5.0
679,jeans relaxed,43.0,25.0,23.0,22.0,5.0,5.0
578,pantalon lunares,43.0,31.0,29.0,19.0,4.0,4.0
690,japo,43.0,31.0,29.0,11.0,11.0,11.0
584,americana time,43.0,14.0,13.0,7.0,7.0,7.0
708,grenwich,43.0,31.0,29.0,6.0,5.0,5.0
712,water resistant,43.0,25.0,24.0,6.0,5.0,5.0
663,vic,43.0,32.0,26.0,5.0,5.0,5.0
609,peacoat,42.0,35.0,33.0,48.0,25.0,24.0
669,jersey terminaciones canale,42.0,31.0,24.0,33.0,5.0,5.0
726,blusa satinada,42.0,18.0,16.0,20.0,12.0,12.0
689,parka party1,42.0,26.0,24.0,11.0,5.0,5.0
705,lima,42.0,45.0,37.0,5.0,5.0,5.0
667,pantalon volante,41.0,20.0,18.0,38.0,5.0,5.0
672,unico,41.0,33.0,32.0,26.0,15.0,15.0
616,americana mujer,41.0,16.0,11.0,25.0,12.0,12.0
727,kling,41.0,23.0,21.0,19.0,12.0,12.0
684,alicia,41.0,15.0,14.0,16.0,5.0,5.0
776,ponte,41.0,32.0,30.0,14.0,7.0,7.0
687,jeans biker,41.0,14.0,13.0,11.0,5.0,5.0
666,abrigo woolperk,41.0,4.0,4.0,5.0,4.0,4.0
710,moon,41.0,24.0,23.0,5.0,5.0,5.0
652,laguna,40.0,17.0,15.0,13.0,9.0,9.0
631,blusa fluida textura,40.0,15.0,14.0,9.0,4.0,4.0
583,cordi,40.0,20.0,18.0,7.0,7.0,7.0
718,jersey hombros,39.0,33.0,25.0,36.0,17.0,17.0
766,boho,39.0,26.0,23.0,28.0,7.0,7.0
771,vestido tartan,39.0,6.0,6.0,20.0,6.0,6.0
731,apple,39.0,37.0,35.0,18.0,5.0,6.0
732,bikers,39.0,21.0,15.0,17.0,11.0,5.0
790,brush,39.0,12.0,11.0,7.0,6.0,6.0
697,kylo,39.0,28.0,26.0,5.0,5.0,5.0
636,vestido selva,39.0,11.0,10.0,4.0,4.0,4.0
758,pantalon pitillo,38.0,19.0,17.0,60.0,19.0,19.0
767,fluffy,38.0,12.0,11.0,27.0,13.0,12.0
648,katia,38.0,12.0,11.0,18.0,17.0,16.0
717,lovelace,37.0,21.0,19.0,34.0,11.0,10.0
673,falda serraje,37.0,4.0,4.0,24.0,14.0,14.0
614,faldas cuadros,37.0,18.0,17.0,23.0,7.0,7.0
769,jersey punto azul,37.0,30.0,6.0,19.0,6.0,6.0
773,abullonado,37.0,35.0,32.0,19.0,6.0,6.0
619,vestido floral cuadros,37.0,18.0,17.0,16.0,11.0,7.0
695,top acabado brillante,37.0,23.0,21.0,10.0,9.0,9.0
786,kleinpic,37.0,24.0,22.0,7.0,6.0,6.0
788,gala,37.0,11.0,11.0,6.0,6.0,6.0
709,comfy,37.0,17.0,16.0,5.0,5.0,4.0
633,pata,37.0,14.0,13.0,4.0,4.0,4.0
662,jersey trenzado,37.0,44.0,33.0,4.0,4.0,4.0
665,pichi bolsillos,37.0,28.0,26.0,4.0,4.0,4.0
756,cuello pico,36.0,6.0,5.0,84.0,6.0,6.0
761,abrigo jaspeado,36.0,22.0,21.0,44.0,36.0,34.0
722,jeans bordado,36.0,19.0,9.0,27.0,10.0,10.0
646,pantalon eyelets,36.0,20.0,18.0,17.0,4.0,4.0
728,stina,36.0,15.0,14.0,16.0,10.0,11.0
733,camisa manga larga,36.0,20.0,19.0,16.0,11.0,5.0
774,americanas terciopelo,36.0,17.0,16.0,12.0,6.0,6.0
779,camisa retro,36.0,23.0,21.0,12.0,6.0,6.0
660,jeans alex,36.0,31.0,28.0,8.0,8.0,8.0
700,plumetti,36.0,13.0,12.0,5.0,4.0,4.0
748,beatrice,36.0,35.0,32.0,5.0,5.0,5.0
635,blusa fawcet,36.0,28.0,26.0,4.0,4.0,4.0
716,falda volante bajo,35.0,15.0,13.0,47.0,20.0,19.0
792,camiseta moulin,35.0,6.0,5.0,6.0,6.0,6.0
640,bordados,34.0,14.0,7.0,31.0,11.0,8.0
668,blusa lazo cuello,34.0,25.0,15.0,27.0,4.0,4.0
764,vestido fruncido lentejuelas,34.0,27.0,25.0,24.0,12.0,11.0
796,jean noa,33.0,25.0,24.0,98.0,33.0,33.0
719,chaqueton pelo,33.0,9.0,8.0,29.0,18.0,19.0
800,abrigo cristi,33.0,19.0,18.0,28.0,7.0,6.0
802,zapatos rojos,33.0,13.0,12.0,27.0,7.0,7.0
804,paper,33.0,6.0,6.0,27.0,6.0,6.0
723,mike,33.0,19.0,17.0,25.0,5.0,5.0
725,pantalon camel,33.0,5.0,4.0,20.0,5.0,5.0
647,himalaya,33.0,21.0,19.0,15.0,7.0,7.0
829,horizon,33.0,6.0,6.0,14.0,7.0,6.0
783,belle encerados,33.0,16.0,15.0,12.0,11.0,11.0
676,jersey de pico,32.0,4.0,4.0,21.0,4.0,4.0
805,chop,32.0,18.0,17.0,20.0,19.0,19.0
729,tomy,32.0,27.0,24.0,14.0,9.0,9.0
653,hebilla,32.0,7.0,6.0,11.0,4.0,3.0
781,vestido fucsia,32.0,11.0,5.0,11.0,6.0,5.0
737,havana,32.0,22.0,20.0,9.0,5.0,4.0
696,mono encaje hilo metalico,32.0,20.0,18.0,8.0,4.0,4.0
842,bon,32.0,19.0,17.0,7.0,6.0,6.0
789,falda cuadrod,32.0,11.0,10.0,6.0,6.0,5.0
754,americana de terciopelo,32.0,5.0,4.0,5.0,5.0,4.0
763,punk,31.0,24.0,22.0,26.0,20.0,20.0
808,pepe,31.0,18.0,17.0,20.0,13.0,13.0
815,cazadora rosa,31.0,17.0,16.0,19.0,6.0,6.0
655,abrigo sandy,31.0,3.0,3.0,11.0,3.0,3.0
830,suecia,31.0,29.0,27.0,6.0,6.0,6.0
833,blanglong,31.0,30.0,28.0,6.0,6.0,6.0
755,berry,31.0,4.0,4.0,5.0,5.0,4.0
762,blazer mujer,30.0,14.0,4.0,30.0,15.0,15.0
798,jersey contraste,30.0,17.0,16.0,25.0,6.0,6.0
799,vestido diane,30.0,11.0,11.0,25.0,12.0,11.0
682,paty1,30.0,7.0,7.0,12.0,4.0,4.0
837,vestido brigitte,30.0,17.0,16.0,6.0,6.0,6.0
699,aroc,30.0,28.0,26.0,4.0,4.0,4.0
714,solidaria,29.0,20.0,18.0,60.0,8.0,8.0
797,pantalon cuadros mujer,29.0,5.0,5.0,49.0,12.0,12.0
814,vestido manga corta,29.0,23.0,10.0,18.0,12.0,6.0
685,sport,29.0,13.0,9.0,11.0,7.0,7.0
707,leti,29.0,14.0,13.0,4.0,4.0,4.0
812,saturn,28.0,16.0,15.0,17.0,11.0,11.0
838,mamita,28.0,21.0,20.0,6.0,6.0,6.0
839,vestido verde oscuro,28.0,11.0,10.0,6.0,6.0,5.0
794,pantalon berto,28.0,18.0,16.0,5.0,5.0,5.0
807,vestido kaki,27.0,10.0,9.0,16.0,11.0,10.0
823,bolso tebas,27.0,21.0,19.0,11.0,5.0,5.0
875,jersey rojo pico,27.0,6.0,6.0,7.0,7.0,6.0
885,cosy,27.0,13.0,12.0,7.0,7.0,6.0
793,vinty,27.0,13.0,8.0,5.0,4.0,4.0
819,sam,26.0,15.0,14.0,11.0,5.0,5.0
735,dream,26.0,13.0,13.0,8.0,4.0,3.0
863,canton,26.0,19.0,17.0,7.0,7.0,6.0
787,jersey luxyn,26.0,13.0,12.0,5.0,4.0,4.0
836,portree,26.0,15.0,14.0,5.0,5.0,5.0
791,tan,26.0,24.0,22.0,4.0,4.0,4.0
846,vestido verde terciopelo,25.0,12.0,11.0,39.0,6.0,6.0
803,moscu,25.0,19.0,18.0,21.0,10.0,10.0
810,capa abrigo,25.0,24.0,22.0,15.0,15.0,14.0
855,jersey meteor,25.0,12.0,11.0,13.0,6.0,6.0
880,pantalon pinzas terciopelo,25.0,18.0,16.0,6.0,6.0,6.0
745,office,25.0,10.0,10.0,4.0,4.0,3.0
759,pantalon candela,24.0,23.0,21.0,34.0,12.0,12.0
801,julia,24.0,19.0,17.0,20.0,5.0,5.0
811,jersey botones,24.0,14.0,12.0,14.0,5.0,4.0
860,bolso gris,24.0,6.0,5.0,13.0,6.0,6.0
853,bailarina negra,24.0,6.0,5.0,12.0,6.0,6.0
782,vestido terciopelo verde,24.0,4.0,4.0,8.0,4.0,4.0
876,eleven,24.0,6.0,6.0,7.0,6.0,6.0
871,bart,24.0,17.0,16.0,6.0,6.0,6.0
884,botin sock,24.0,18.0,16.0,6.0,6.0,6.0
886,ingles,24.0,17.0,16.0,6.0,6.0,6.0
889,cuadros rojo,24.0,17.0,16.0,6.0,6.0,6.0
746,charlot,24.0,20.0,18.0,4.0,3.0,3.0
765,abrigo reversible,23.0,11.0,10.0,16.0,4.0,4.0
770,jeans skinny paty,23.0,11.0,10.0,12.0,8.0,8.0
820,jeans electra,23.0,14.0,12.0,10.0,9.0,9.0
822,green,23.0,5.0,4.0,10.0,5.0,5.0
778,blazer azul,23.0,22.0,21.0,8.0,4.0,4.0
866,blacky,23.0,11.0,10.0,6.0,6.0,6.0
873,pantalones amarillos,23.0,16.0,15.0,6.0,6.0,5.0
795,aldo,23.0,11.0,10.0,4.0,4.0,4.0
849,oddero,22.0,21.0,20.0,17.0,5.0,5.0
775,vanesa,22.0,14.0,13.0,8.0,4.0,4.0
780,vestido ante,22.0,10.0,10.0,7.0,4.0,3.0
864,gross,22.0,21.0,20.0,6.0,5.0,5.0
843,jerey lila,22.0,17.0,16.0,5.0,4.0,4.0
784,basvo,22.0,21.0,19.0,4.0,4.0,3.0
840,roberto,22.0,8.0,8.0,4.0,4.0,4.0
867,kyle,21.0,10.0,9.0,6.0,5.0,5.0
870,north,21.0,5.0,5.0,6.0,5.0,5.0
844,jersey paulo,20.0,14.0,13.0,36.0,5.0,5.0
895,polos manga larga,20.0,6.0,6.0,28.0,7.0,7.0
911,alfred,20.0,13.0,12.0,14.0,7.0,7.0
924,abrigo desestructurado,20.0,13.0,6.0,7.0,7.0,7.0
926,inessa,20.0,6.0,6.0,7.0,6.0,6.0
933,alilong,20.0,19.0,18.0,7.0,7.0,6.0
834,jeans piti,20.0,8.0,7.0,4.0,4.0,4.0
890,abrigo neptu,19.0,6.0,6.0,54.0,7.0,6.0
847,pantalon david21,19.0,18.0,17.0,20.0,9.0,9.0
910,violet,19.0,12.0,11.0,13.0,12.0,12.0
806,parka furti,19.0,18.0,14.0,12.0,4.0,4.0
854,velero,19.0,14.0,13.0,10.0,5.0,5.0
827,blandy,19.0,7.0,7.0,8.0,8.0,7.0
887,cardigan ribetes,19.0,13.0,12.0,5.0,5.0,5.0
888,melon,19.0,9.0,9.0,5.0,5.0,5.0
902,jean slim,18.0,17.0,16.0,18.0,6.0,6.0
861,bolso cruzado abatanado,18.0,13.0,12.0,9.0,4.0,4.0
824,guantes piel,18.0,10.0,10.0,8.0,4.0,4.0
916,queen,18.0,6.0,5.0,6.0,6.0,6.0
869,11069056,18.0,4.0,4.0,5.0,4.0,5.0
832,jersey escote choker,18.0,14.0,13.0,4.0,4.0,4.0
835,dot,18.0,10.0,10.0,4.0,4.0,4.0
898,carlow,17.0,11.0,10.0,18.0,17.0,16.0
899,harry,17.0,11.0,10.0,18.0,6.0,6.0
817,elena,17.0,10.0,9.0,11.0,10.0,10.0
920,lapiz,17.0,17.0,16.0,6.0,6.0,6.0
831,vaneti,17.0,16.0,16.0,4.0,3.0,3.0
893,twill,16.0,5.0,5.0,28.0,5.0,5.0
901,pantalon plateado,16.0,10.0,9.0,16.0,5.0,5.0
859,jeans glossy,16.0,15.0,14.0,8.0,8.0,8.0
921,vestido dart,16.0,16.0,15.0,6.0,5.0,5.0
936,jersey abertura posterior,16.0,10.0,10.0,6.0,5.0,5.0
872,botines charol,16.0,8.0,7.0,4.0,4.0,4.0
883,angela,16.0,4.0,4.0,4.0,4.0,4.0
845,albecu,15.0,4.0,3.0,24.0,11.0,11.0
894,organico,15.0,9.0,9.0,20.0,5.0,5.0
914,dodger,15.0,15.0,14.0,5.0,5.0,5.0
868,niquel,15.0,11.0,10.0,4.0,4.0,4.0
882,blusa seda manga abullonada,15.0,7.0,7.0,4.0,4.0,4.0
952,bod,14.0,6.0,6.0,21.0,7.0,6.0
897,aleta,14.0,9.0,8.0,15.0,9.0,9.0
852,sabri,14.0,7.0,6.0,11.0,3.0,3.0
858,tubi,14.0,13.0,12.0,7.0,7.0,7.0
862,foil,14.0,10.0,9.0,7.0,3.0,3.0
977,lupa,14.0,13.0,12.0,7.0,14.0,6.0
915,pantalon star,14.0,14.0,12.0,5.0,5.0,5.0
918,jeans john,14.0,13.0,12.0,5.0,5.0,5.0
874,jersey marte,14.0,10.0,9.0,4.0,3.0,3.0
881,pareo,14.0,10.0,10.0,4.0,4.0,4.0
891,vaqueros encerados,13.0,13.0,12.0,37.0,35.0,33.0
953,jeans patrick,13.0,13.0,12.0,21.0,20.0,20.0
956,jambo,13.0,12.0,12.0,14.0,13.0,13.0
961,swing,13.0,13.0,12.0,14.0,13.0,13.0
964,jersey willowt,13.0,12.0,12.0,13.0,13.0,12.0
908,blusa terciopelo strass,13.0,8.0,8.0,9.0,4.0,4.0
909,diplomatica,13.0,8.0,8.0,9.0,4.0,4.0
975,vestido fluido purpurina,13.0,6.0,6.0,7.0,6.0,6.0
981,pantalon telmo2,13.0,18.0,11.0,7.0,6.0,6.0
984,jersey panel,13.0,13.0,12.0,7.0,7.0,6.0
989,blusa panyuelo,13.0,12.0,11.0,7.0,6.0,6.0
919,osaka,13.0,12.0,4.0,5.0,4.0,4.0
925,ely,13.0,13.0,12.0,5.0,4.0,4.0
932,vestido pink,13.0,4.0,4.0,5.0,4.0,4.0
939,gem,13.0,8.0,7.0,4.0,4.0,4.0
962,botas tacon xl,12.0,6.0,6.0,13.0,6.0,6.0
966,cashemer,12.0,12.0,11.0,13.0,6.0,6.0
903,chaqueta cuero negra,12.0,4.0,3.0,12.0,8.0,8.0
906,party 1,12.0,4.0,3.0,8.0,4.0,4.0
986,faldas piel,12.0,6.0,6.0,7.0,6.0,6.0
990,gema,12.0,11.0,11.0,6.0,6.0,6.0
937,plumifero negro,12.0,4.0,4.0,4.0,4.0,4.0
942,anorak largo,11.0,10.0,9.0,27.0,15.0,10.0
904,camisa corleone,11.0,11.0,10.0,8.0,4.0,4.0
907,loti,11.0,7.0,7.0,8.0,4.0,4.0
987,cazadora piel cremalleras,11.0,11.0,10.0,6.0,6.0,6.0
917,camisa floral,11.0,3.0,3.0,4.0,4.0,4.0
946,falda granate,10.0,5.0,4.0,21.0,5.0,5.0
957,bichos,10.0,10.0,9.0,11.0,5.0,5.0
958,camisa carmina,10.0,5.0,4.0,10.0,5.0,5.0
963,opalo,10.0,10.0,9.0,10.0,5.0,5.0
969,olivia 1,10.0,5.0,4.0,10.0,10.0,10.0
973,charles,10.0,10.0,9.0,5.0,5.0,5.0
983,frogs,10.0,5.0,4.0,5.0,5.0,5.0
941,pichi vaquero,9.0,8.0,8.0,31.0,9.0,8.0
965,vestido satinado asimetrico,9.0,9.0,8.0,10.0,5.0,5.0
954,abrigo con capucha,9.0,8.0,8.0,9.0,9.0,4.0
991,jersey detalle calado,9.0,4.0,4.0,5.0,4.0,4.0
972,pantalon traje mujer,9.0,8.0,8.0,4.0,4.0,4.0
944,jersey agata1,8.0,8.0,8.0,18.0,9.0,9.0
955,prusa,8.0,7.0,3.0,8.0,4.0,4.0
959,camisa anel,8.0,8.0,7.0,8.0,4.0,4.0
960,jersey plait,8.0,8.0,7.0,8.0,4.0,4.0
968,low,8.0,4.0,4.0,8.0,8.0,8.0
994,abrigo lana anilla,8.0,4.0,4.0,5.0,4.0,4.0
971,blanca1,8.0,4.0,3.0,4.0,4.0,4.0
976,pantalon rayas laterales,8.0,8.0,7.0,4.0,4.0,4.0
996,pendiente borlas,8.0,4.0,4.0,4.0,4.0,4.0
1008,ibai,7.0,6.0,6.0,13.0,6.0,6.0
950,bolso safiano,7.0,3.0,3.0,11.0,11.0,11.0
951,rombo,7.0,7.0,6.0,11.0,4.0,3.0
1019,didac,7.0,6.0,6.0,7.0,7.0,7.0
1020,anorak acolchado tricolor,7.0,6.0,6.0,7.0,7.0,7.0
1030,americana cierre metalico,7.0,6.0,6.0,7.0,7.0,7.0
1034,jersei dorado,7.0,6.0,6.0,7.0,7.0,7.0
1038,vincen,7.0,6.0,6.0,7.0,7.0,7.0
992,botin pisa,7.0,3.0,3.0,4.0,4.0,3.0
997,falda estampada,7.0,3.0,3.0,4.0,3.0,3.0
1000,camisa detalles calados,6.0,6.0,6.0,26.0,19.0,18.0
1004,roble,6.0,6.0,6.0,20.0,19.0,18.0
1006,bolso shopper abatanado,6.0,6.0,5.0,19.0,6.0,6.0
1002,jersey eyelets,6.0,5.0,5.0,18.0,6.0,6.0
1007,cosita,6.0,6.0,5.0,12.0,12.0,11.0
1025,duque,6.0,5.0,5.0,6.0,6.0,6.0
1027,queens,6.0,6.0,5.0,6.0,6.0,6.0
1033,camiseta knotti,6.0,6.0,5.0,6.0,6.0,6.0
1003,jersey gris cinturon,5.0,5.0,4.0,15.0,5.0,5.0
1011,jersey cordones trenzados,5.0,5.0,5.0,11.0,5.0,5.0
1042,nihao,5.0,5.0,5.0,6.0,5.0,5.0
1016,bolso shoper piel,5.0,5.0,4.0,5.0,5.0,5.0
1029,mono largo cinturon,5.0,4.0,4.0,5.0,5.0,5.0
1031,jersey mangas pelo,5.0,4.0,4.0,5.0,5.0,5.0
1032,camiseta nudo textura,5.0,4.0,4.0,5.0,5.0,5.0
1036,bolso asa metalica,5.0,5.0,5.0,5.0,5.0,5.0
1039,houston,5.0,4.0,4.0,5.0,5.0,5.0
1005,vestido floral negro,4.0,4.0,4.0,13.0,4.0,4.0
1010,neceser abatanado cremallera,4.0,4.0,4.0,9.0,4.0,4.0
1013,peacot,4.0,4.0,4.0,8.0,4.0,4.0
1022,carola,4.0,4.0,4.0,5.0,4.0,4.0
1024,anou,4.0,4.0,4.0,5.0,4.0,4.0
1035,aladin,4.0,4.0,4.0,5.0,5.0,5.0
1040,abrigo ventana,4.0,4.0,4.0,5.0,9.0,4.0
1021,fany,4.0,4.0,3.0,4.0,4.0,4.0
1037,camiseta wonder woman,4.0,4.0,4.0,4.0,4.0,4.0
1045,minidots,4.0,4.0,4.0,4.0,4.0,4.0
1001,cazadora efecto ante,3.0,3.0,3.0,14.0,10.0,10.0
1015,parla furti,3.0,3.0,3.0,4.0,3.0,3.0
