,total_queries,ctr,zero_resulto_rate,keywords,lang
2608,43040.0,20.8349545343,62.0235470436,with,English
659,21733.0,26.9574081902,18.0122164483,camiseta,Spanish
947,21477.0,40.989280588,21.8633249519,de,Spanish
856,15979.0,49.2531364473,30.3281644428,con,Spanish
1333,14805.0,34.6010532996,8.02991761267,jacket,English
2453,14204.0,16.8728799871,45.8859634954,top,English
2169,12449.0,13.7924593367,17.8875222714,shirt,English
1007,10999.0,29.9382289218,25.3514958742,dress,English
2557,10289.0,47.8368630352,19.0307962638,vestido,Spanish
2317,10282.0,22.1445122159,8.75898729001,sudadera,Spanish
2367,9807.0,12.1424117234,19.110998519,t,English
1663,9048.0,22.9298584299,5.82239382239,mujer,Spanish
1804,8627.0,36.4528441271,10.6217680374,pantalon,Spanish
1353,8075.0,21.2882275567,6.6384413022,jeans,English
2454,7919.0,27.980661314,22.7891450114,top,Spanish
1808,7821.0,19.8882434651,4.93812350044,pantalones,Spanish
1374,6896.0,37.8839951865,6.63874849579,jersey,Spanish
323,6700.0,8.14198557959,74.3205768164,and,English
2371,6031.0,38.487654321,46.5354938272,tacon,Spanish
1983,5897.0,11.7825722664,61.7616254713,print,English
2626,5867.0,26.1781830166,64.4512797979,y,Spanish
1446,5826.0,15.3801732435,56.073147257,lace,English
2354,5772.0,26.5719569603,24.2602555481,sweatshirt,English
908,5667.0,26.3880267605,39.0854541693,cropped,English
1549,5572.0,29.8925889358,16.6711545941,manga,Spanish
1354,5526.0,26.6087370551,6.57778835853,jeans,Spanish
720,5418.0,38.6398533855,8.94546535242,cazadora,Spanish
954,5387.0,36.1032232352,13.4185223933,denim,English
2532,5382.0,31.429769392,45.1320754717,up,English
662,5348.0,11.9583150596,3.72296361269,camisetas,Spanish
1078,5332.0,59.1839737145,13.0740749822,falda,Spanish
652,5278.0,33.1245560793,17.0400981468,camisa,Spanish
2320,5276.0,23.2154010437,5.31501218947,sudaderas,Spanish
552,5154.0,36.383875328,40.9795658742,botin,Spanish
605,5087.0,14.7115017195,97.1914405808,bsk,Spanish
2495,5051.0,16.3770512657,6.42539117161,trousers,English
1521,4922.0,20.6027293404,23.3225928734,long,English
1125,4806.0,16.7103538663,52.4901703801,floral,English
747,4786.0,32.9265583073,8.17993812918,chaqueta,Spanish
2305,4749.0,13.142554319,50.333863275,striped,English
821,4304.0,30.7253780139,8.79444217409,coat,English
925,4263.0,38.0844087159,22.5460122699,cuello,Spanish
2229,4258.0,45.9946998931,19.7963643126,skirt,English
2345,4250.0,32.590051458,14.5797598628,sweater,English
1274,4130.0,40.5793729277,24.0241987086,high,English
1287,4023.0,31.5246880087,8.08464460119,hombre,Spanish
535,4022.0,35.9908968811,15.005223101,boots,English
604,3865.0,0.0,100.0,bsk,English
1056,3862.0,24.9109233432,39.3158912756,estampado,Spanish
432,3835.0,11.6640746501,45.8786936236,belt,English
2422,3818.0,16.3391353172,42.8747894441,the,English
2580,3791.0,24.7057541412,41.3142981691,waist,English
2067,3788.0,30.228563879,50.0462412472,ribbed,English
1683,3776.0,38.5738244611,23.4548729735,neck,English
330,3761.0,26.2668415405,44.8432097293,ankle,English
1127,3630.0,25.8030141574,27.6297762216,flores,Spanish
2240,3615.0,21.2389380531,53.3185840708,sleeves,English
485,3544.0,33.6580300633,17.5237341772,blusa,Spanish
1573,3542.0,34.2153100384,71.5411028075,medio,Spanish
1642,3264.0,41.6978331849,9.68833481745,mono,Spanish
1828,3250.0,25.3119779896,31.9347548393,para,Spanish
321,3240.0,33.3095408042,77.0877944325,ancho,Spanish
478,3229.0,25.4022881592,30.0344154032,blouse,English
1050,3207.0,37.8622197922,43.8354291963,escote,Spanish
1456,3204.0,27.2986891386,15.0,larga,Spanish
1864,3135.0,40.7770508688,5.97951515383,pelo,Spanish
506,3121.0,49.4042393077,5.5920875813,body,Spanish
691,3099.0,40.9113179814,18.97966683,capucha,Spanish
258,3096.0,47.8565758137,13.6544059275,abrigo,Spanish
977,3076.0,13.1221719457,81.8738355071,detail,English
1268,3059.0,21.633941094,53.6290322581,heel,English
2414,3047.0,46.0183740683,10.5633558676,terciopelo,Spanish
2158,3043.0,6.58715098943,82.4884792627,set,English
2298,3037.0,6.20814013395,78.2328696548,strappy,English
2560,3028.0,35.0031881567,4.19727759142,vestidos,Spanish
1107,3007.0,26.0089020772,44.6142433234,fit,English
1297,2980.0,17.1643192488,55.9624413146,hooded,English
2258,2980.0,22.6165910029,30.7470078415,sneakers,English
362,2953.0,10.2616609784,67.1899886234,back,English
2280,2950.0,18.4842005227,70.0879068662,sports,English
1084,2834.0,28.7029665271,4.90498113469,faux,English
459,2810.0,36.7798986922,8.04166785908,black,English
1177,2800.0,28.9035195537,2.9926359779,fur,English
2185,2766.0,12.3099415205,20.2192982456,shorts,English
1037,2753.0,16.6763397175,53.2598181466,embroidered,English
1489,2715.0,21.5185783522,87.7221324717,lencero,Spanish
2237,2712.0,20.1149425287,19.982316534,sleeve,English
2533,2684.0,72.6444972288,35.4183161784,up,Spanish
2190,2643.0,20.207203718,25.5906274206,shoulder,English
1550,2639.0,34.2124277457,47.6697976879,mangas,Spanish
1470,2637.0,42.5789591102,8.40424514772,leather,English
1895,2625.0,48.4848484848,14.306736429,piel,Spanish
2176,2607.0,16.6982165986,5.19477931653,shoes,English
2040,2593.0,23.9029611131,18.5016054228,rayas,Spanish
373,2574.0,25.4639620199,18.5153215365,bag,English
441,2570.0,15.6803744567,85.9244399866,bershka,Spanish
955,2546.0,33.2340052585,14.8758399065,denim,Spanish
1108,2527.0,50.1445221445,23.5617715618,fit,Spanish
2023,2497.0,77.0689177968,34.5557708276,push,Spanish
440,2481.0,16.8503937008,78.1417322835,bershka,English
766,2479.0,0.0,100.0,chica,Spanish
1459,2459.0,44.7834645669,26.8919510061,largo,Spanish
1687,2446.0,6.94297782471,64.5723336853,neckline,English
1041,2431.0,39.972401104,55.9107635695,en,Spanish
1729,2411.0,9.03916973552,80.7164378976,of,English
1578,2408.0,16.9310722101,65.8643326039,men's,English
653,2387.0,22.1110065851,8.98212605833,camisas,Spanish
2183,2386.0,26.8683881242,27.1413946081,short,English
2601,2347.0,30.1551703237,14.2259667839,white,English
1702,2278.0,0.0,100.0,nina,Spanish
1400,2272.0,23.4917854394,6.0302041033,jumper,English
2575,2249.0,37.175692147,39.1607173951,volantes,Spanish
2639,2239.0,21.7581850993,57.7210621294,zip,English
1051,2236.0,29.5970488082,63.4506242906,espalda,Spanish
2129,2207.0,4.04290429043,91.0478547855,sale,English
1336,2207.0,22.5005750211,4.23023844208,jackets,English
2101,2202.0,29.1672818544,8.12786062306,rosa,Spanish
1164,2128.0,7.03055473153,63.1266686443,front,English
2252,2120.0,17.9270816749,16.8762935838,slogan,English
2616,2112.0,0.0,100.0,women's,English
527,2093.0,60.0812182741,8.49949238579,bomber,Spanish
2607,2090.0,24.3734842361,84.4785772029,winter,English
1597,2083.0,14.7290116897,44.2720510096,metallic,English
1317,2080.0,0.0,100.0,invierno,Spanish
1732,2067.0,20.3097931316,21.0638948334,off,English
884,2065.0,57.0327977108,22.7272727273,corto,Spanish
1404,2060.0,36.4109406271,13.7424949967,jumpsuit,English
347,2035.0,5.35398230088,90.0442477876,asymmetric,English
1054,2034.0,29.2461741923,38.4281126015,estampada,Spanish
2051,2030.0,0.0,100.0,ref,Spanish
779,2018.0,33.9497794367,34.2382083475,choker,English
1038,2017.0,14.150401837,57.8932261768,embroidery,English
2099,2010.0,12.2714797414,9.35014188026,ropa,Spanish
1025,2001.0,55.0740658855,22.1202741543,efecto,Spanish
2046,1986.0,47.1499675395,8.59554209046,red,English
2050,1961.0,0.0,100.0,ref,English
1608,1944.0,27.9907468605,64.24322538,mid,English
1931,1938.0,18.1006493506,78.6525974026,platform,English
1636,1897.0,56.6835260116,22.8444123314,mom,English
1042,1884.0,35.5274261603,39.746835443,encaje,Spanish
2118,1882.0,20.0685453161,71.6679360244,ruffled,English
909,1878.0,42.2451193059,20.3687635575,cropped,Spanish
1688,1870.0,42.3840568973,13.8539042821,negra,Spanish
1690,1835.0,43.4536082474,7.8823024055,negro,Spanish
2390,1821.0,10.6637307329,57.2821642026,technical,English
487,1820.0,20.0157604413,4.78066719201,blusas,Spanish
2438,1817.0,42.9977770721,57.7008574151,tipo,Spanish
924,1816.0,42.4634531806,17.9375740814,cuadros,Spanish
309,1805.0,46.4810078621,17.0976603202,alto,Spanish
462,1803.0,27.9767860716,18.0408244947,blanca,Spanish
251,1792.0,24.0060583112,67.8530859523,a,English
2112,1789.0,38.6722055543,13.7625971229,rotos,Spanish
2199,1783.0,42.6978515094,48.4906173511,side,English
2136,1782.0,25.589485891,68.8828759181,sandalia,Spanish
453,1776.0,0.0,100.0,bikini,Spanish
1834,1771.0,26.9291694954,40.0769404843,parches,Spanish
2159,1770.0,30.7007355788,68.524970964,set,Spanish
2226,1770.0,51.5387888243,12.5514111474,skinny,Spanish
896,1766.0,35.6874031437,39.0967456276,cremallera,Spanish
2541,1754.0,20.6118810023,5.48690837426,vaqueros,Spanish
1457,1738.0,26.9151138716,89.9585921325,largas,Spanish
539,1725.0,36.3131079203,26.6327003242,bordado,Spanish
1603,1697.0,70.5805095876,22.2878907276,mickey,Spanish
53,1684.0,3.51648351648,92.5274725275,3,English
405,1672.0,6.96178584941,63.2614453273,bardot,English
936,1667.0,11.8378627361,76.784891755,cut,English
1436,1649.0,7.0351758794,75.3312014619,knot,English
2551,1645.0,32.1494831699,21.7996289425,verde,Spanish
2545,1642.0,44.7034207581,7.98987883801,velvet,English
681,1634.0,31.4126394052,33.746385791,canale,Spanish
1737,1633.0,9.05044510386,80.7616221563,on,English
2417,1632.0,14.922813036,69.9828473413,text,English
1296,1629.0,49.1109808519,15.9144196952,hood,English
780,1620.0,44.9347826087,17.6086956522,choker,Spanish
2342,1611.0,62.6575028637,20.5040091638,super,Spanish
2441,1610.0,23.4101638434,22.3549014163,tirantes,Spanish
1612,1600.0,28.6642599278,19.2539109507,militar,Spanish
377,1595.0,33.4858886346,60.8314263921,bajo,Spanish
1477,1571.0,60.4763491006,26.1658894071,legging,Spanish
526,1562.0,42.0741928431,11.3840099118,bomber,English
469,1559.0,64.0607276852,13.6026524736,blazer,Spanish
1771,1554.0,32.2611694874,12.4649073554,oversized,English
2015,1542.0,36.8736651881,12.6663380976,punto,Spanish
2627,1534.0,23.0283005315,22.0370636403,yellow,English
878,1509.0,22.7223466513,10.9023914457,corta,Spanish
1995,1499.0,40.195432161,2.90627787041,puffer,English
1494,1492.0,59.7933706414,32.1136461472,lentejuelas,Spanish
588,1491.0,30.8524083696,20.9380704957,bralette,Spanish
510,1484.0,32.621376649,13.3177779772,bodysuit,English
904,1467.0,25.4062469592,14.274593753,crop,English
1703,1462.0,0.0,100.0,ninas,Spanish
1903,1461.0,33.2754549243,10.1472426726,pink,English
476,1441.0,32.8254244667,62.7340008707,blonda,Spanish
1851,1438.0,8.78378378378,80.9684684685,patches,English
2141,1434.0,6.39960918417,70.0537371764,sateen,English
749,1424.0,22.9617074949,2.80640901835,chaquetas,Spanish
1998,1420.0,37.7083670497,22.9810648972,puffy,English
1159,1394.0,3.07692307692,89.358974359,frilled,English
768,1389.0,0.0,100.0,chico,Spanish
1777,1385.0,37.3150565709,30.134899913,padded,English
2637,1375.0,19.8300244579,1.87874895815,zapatos,Spanish
677,1372.0,30.4027226319,12.9703157497,camuflaje,Spanish
2534,1367.0,16.0993400486,23.7408822508,v,English
1926,1364.0,37.098376946,45.1805233521,plataforma,Spanish
979,1362.0,49.0476190476,54.0476190476,detalle,Spanish
2504,1358.0,73.6255839023,12.1990657564,tul,Spanish
2138,1357.0,13.0656108597,76.7533936652,sandals,English
2086,1342.0,35.6696549851,7.29149687585,rojo,Spanish
1271,1323.0,13.6198547215,80.0847457627,hem,English
2225,1322.0,35.2486625718,13.0968892411,skinny,English
1770,1316.0,52.1183533448,11.2864493997,oversize,Spanish
522,1298.0,57.6423128642,58.1801882564,bolsillos,Spanish
2142,1296.0,13.6789506558,80.9494066209,saten,Spanish
921,1292.0,44.6269678303,44.2162902122,cruzado,Spanish
1122,1279.0,42.8448523086,36.6790937769,flecos,Spanish
54,1271.0,18.8155459593,78.4083898828,3,Spanish
1837,1270.0,65.0705399958,8.82618667037,parka,Spanish
2614,1259.0,18.6903680145,7.15015901863,women,English
2304,1258.0,27.9350828729,14.4797421731,stripe,English
2456,1245.0,12.5667877752,6.6520624065,tops,English
448,1244.0,41.448448708,10.7510154697,biker,English
1460,1230.0,24.2895995498,11.5352152302,largos,Spanish
1955,1204.0,19.2675159236,47.9299363057,pocket,English
1433,1200.0,31.2543192813,20.7325501037,knit,English
2022,1181.0,63.6814686182,29.2979409576,push,English
2603,1176.0,35.680095732,23.4543278819,wide,English
1985,1160.0,18.3254716981,27.358490566,printed,English
1026,1157.0,2.54276467869,53.4905224226,effect,English
560,1157.0,4.14902624894,48.983911939,bow,English
938,1155.0,0.0,100.0,dama,Spanish
410,1153.0,28.0501392758,32.1169916435,basica,Spanish
933,1144.0,10.0156494523,44.7574334898,culottes,English
2104,1134.0,25.5132767588,31.0429783739,rosas,Spanish
2418,1127.0,44.0945728103,12.1117678667,texto,Spanish
2421,1124.0,11.8367346939,76.462585034,textured,English
341,1122.0,0.0,100.0,army,English
2299,1121.0,8.77788554801,54.3646944714,straps,English
1884,1117.0,26.6852599098,6.62829337764,peto,Spanish
915,1115.0,11.7647058824,70.5249841872,crossover,English
1836,1111.0,54.8750107379,9.54385362082,parka,English
2327,1109.0,30.0241400121,33.464091732,suede,English
1301,1106.0,16.7214731996,18.1848076291,hoodies,English
1478,1103.0,60.5687047995,18.1295200526,leggings,English
845,1100.0,32.2810275457,34.0451872485,color,Spanish
2271,1099.0,4.57912457912,74.0067340067,sole,English
2084,1096.0,58.582781457,14.5165562914,roja,Spanish
259,1084.0,36.166057389,5.42841404176,abrigos,Spanish
397,1082.0,9.20716112532,21.286641747,bano,Spanish
505,1082.0,25.3644314869,10.5150631681,body,English
805,1079.0,24.5436105477,18.2386747803,cinturon,Spanish
2313,1077.0,23.3594220349,64.8404575557,style,English
550,1071.0,44.9822036521,4.143454039,botas,Spanish
1028,1070.0,21.5437225208,52.2716170005,elastic,English
1427,1069.0,40.3658826325,25.3979567593,kimono,Spanish
1755,1066.0,6.33116883117,86.525974026,out,English
449,1062.0,59.2827004219,8.96202531646,biker,Spanish
1071,1059.0,9.67498110355,80.0453514739,fabric,English
1434,1050.0,37.550040032,84.067253803,knitted,English
880,1046.0,16.1179287638,15.6539958096,cortas,Spanish
2538,1041.0,55.7091346154,10.4266826923,vaquera,Spanish
383,1022.0,22.4223602484,63.4782608696,bamba,Spanish
1299,1022.0,28.3460718095,4.54141485958,hoodie,English
322,1020.0,0.0,100.0,anchos,Spanish
2279,1019.0,41.5734745929,19.9921522464,sport,Spanish
2184,1019.0,29.7716664564,12.8548000505,short,Spanish
1566,1008.0,16.3921568627,79.0588235294,maxi,English
443,1006.0,7.10616438356,86.1301369863,best,Spanish
1585,1004.0,35.2659778033,19.211634137,mesh,English
464,1003.0,40.0434165484,8.37438423645,blanco,Spanish
1142,1002.0,32.7261105785,32.0230105465,for,English
1469,999.0,17.8117048346,84.7328244275,lazos,Spanish
1953,994.0,20.2678027998,60.4990870359,plush,English
836,992.0,36.0299625468,37.1535580524,collar,English
477,986.0,0.0,100.0,blonde,English
1276,984.0,5.43024227235,82.2055137845,hight,English
1615,981.0,41.5141430948,27.2046589018,mini,English
1849,973.0,11.4533965245,76.8562401264,patch,English
2540,968.0,25.2916356416,12.0129064284,vaquero,Spanish
2301,962.0,16.8741355463,66.5283540802,stretch,English
1109,961.0,26.949241235,50.2878074307,fitted,English
275,957.0,23.8855622089,63.6726546906,acdc,Spanish
1090,955.0,32.8483491886,26.720761052,felpa,Spanish
1957,954.0,15.5971479501,85.0267379679,pockets,English
2472,949.0,5.6278280543,26.8382352941,trajes,Spanish
1750,949.0,0.0,100.0,oriental,English
732,942.0,56.113760218,5.34741144414,chaleco,Spanish
2457,942.0,38.4122163165,7.94735509997,tops,Spanish
2529,942.0,0.0,100.0,unicornio,Spanish
1237,938.0,45.7355816227,11.4613880743,gris,Spanish
2055,938.0,72.6443768997,15.8392434988,rejilla,Spanish
2074,936.0,29.7169405489,8.05299836531,ripped,English
993,929.0,56.0933448574,40.14693172,doble,Spanish
1269,928.0,12.629070691,73.7092930898,heeled,English
2442,926.0,29.218328841,49.9191374663,tiras,Spanish
468,916.0,56.9277108434,12.5410733844,blazer,English
1898,916.0,0.0,100.0,pijama,Spanish
1580,914.0,36.0147942672,42.2561257513,mensaje,Spanish
1173,913.0,0.0,100.0,full,English
822,912.0,21.4462443397,4.25750431819,coats,English
1602,912.0,68.6502659574,30.3191489362,mickey,English
1658,910.0,43.7923250564,68.4725357412,mouse,Spanish
364,906.0,39.3591501028,15.5243317341,backpack,English
1616,899.0,67.2912205567,24.0631691649,mini,Spanish
1694,899.0,14.9819494585,81.1371841155,neopreno,Spanish
869,899.0,11.9170984456,66.5433012583,cord,English
1130,897.0,5.28488852188,74.0710156895,flowers,English
2409,894.0,31.8312092201,2.72577596195,tenis,Spanish
2369,894.0,14.6718146718,86.2934362934,tachas,Spanish
1079,889.0,46.3361385964,3.13039191521,faldas,Spanish
1609,888.0,40.9274193548,35.8064516129,midi,English
2503,886.0,0.0,100.0,tubo,Spanish
1724,879.0,49.5342929721,37.2142252329,nylon,Spanish
2634,878.0,32.3430592396,15.5260831123,zapato,Spanish
2443,876.0,47.706307654,10.9199700823,tiro,Spanish
2332,876.0,23.5618597321,69.0307328605,suit,English
252,874.0,37.9665837185,31.0700319943,a,Spanish
301,873.0,47.2575691093,38.3062746819,ajustado,Spanish
2581,870.0,42.0579603815,15.9574468085,waist,Spanish
2028,869.0,35.1566384883,43.212332173,quilted,English
2208,869.0,16.5633608815,29.9242424242,sin,Spanish
524,868.0,44.1362530414,14.0794809408,bolso,Spanish
1594,867.0,29.4507575758,82.1022727273,metalizada,Spanish
1723,863.0,53.1852717709,25.219170076,nylon,English
2297,853.0,7.48603351955,47.6536312849,strap,English
2574,850.0,53.6678553235,21.6505348956,volante,Spanish
617,849.0,32.8935795954,74.6701846966,burgundy,English
587,848.0,19.2672998643,38.3536861149,bralette,English
2191,844.0,30.2981895634,44.9414270501,shoulder,Spanish
2068,842.0,11.1371080955,39.4010294806,ring,English
1733,836.0,29.6913277805,40.9603135718,off,Spanish
1158,834.0,6.4182194617,86.3354037267,frill,English
2076,834.0,30.3220035778,74.5974955277,rise,English
1313,830.0,12.4052377671,57.2019297037,in,English
452,826.0,2.91576673866,89.2008639309,bikini,English
728,823.0,17.6888315042,53.1310522918,chain,English
615,823.0,0.0,100.0,burdeos,Spanish
559,820.0,0.0,100.0,bottoms,English
538,817.0,0.0,100.0,bordadas,Spanish
283,814.0,24.6153846154,73.665158371,acordonada,Spanish
1879,811.0,55.3900268984,16.7804676185,perlas,Spanish
673,809.0,44.4985394352,19.6932814021,campana,Spanish
2070,808.0,8.80298090359,37.6339077783,rinonera,Spanish
2286,804.0,19.2047377327,68.0203045685,star,Spanish
1088,803.0,55.3708958249,32.549655452,fedez,English
1001,800.0,31.1416184971,57.8034682081,double,English
927,795.0,61.0006738544,6.69642857143,cuero,Spanish
2393,792.0,16.4092664093,76.4478764479,teddy,English
1207,788.0,13.4213421342,86.6886688669,girl,Spanish
861,787.0,23.2340425532,66.9787234043,contrasting,English
871,785.0,28.2752902156,65.0912106136,cordones,Spanish
607,783.0,0.0,100.0,bubble,English
2043,781.0,0.0,100.0,rebajas,Spanish
1119,778.0,18.5756240822,57.1218795888,flat,English
1960,775.0,46.0132890365,21.4562569214,polipiel,Spanish
1741,773.0,8.22550831793,71.4417744917,open,English
1820,772.0,15.0872763679,3.36046663475,pants,English
704,771.0,62.6931567329,24.3140964995,cargo,English
69,765.0,6.88524590164,83.606557377,4,English
2471,764.0,12.1739130435,27.6811594203,traje,Spanish
2426,759.0,0.0,100.0,thin,English
1751,755.0,0.0,100.0,oriental,Spanish
474,754.0,0.0,100.0,block,English
1030,752.0,33.3543108874,47.3253618628,elastico,Spanish
2214,744.0,0.0,100.0,size,English
740,744.0,30.5467091295,4.93630573248,chandal,Spanish
1157,742.0,0.0,100.0,friends,Spanish
233,741.0,59.3568792831,39.061676331,800,Spanish
2632,740.0,39.4698514419,21.5554908244,zapatilla,Spanish
1899,739.0,0.0,100.0,pijamas,Spanish
803,735.0,27.2053372869,54.4848035582,cintura,Spanish
964,734.0,42.0689655172,17.4554102259,deportivo,Spanish
2589,734.0,14.1402714932,83.0316742081,wars,Spanish
356,733.0,35.4267533545,10.1397150367,azul,Spanish
2431,732.0,14.0946502058,75.3086419753,tie,English
672,725.0,22.8791773779,23.2969151671,camouflage,English
1945,725.0,34.819897084,41.4522584334,plumeti,Spanish
2643,723.0,23.7612612613,81.4189189189,zips,English
1385,722.0,46.1969615025,3.54983037514,jogger,Spanish
1902,720.0,0.0,100.0,pinafore,English
1975,719.0,5.61926605505,82.4541284404,poplin,English
1117,718.0,34.0034462952,41.2406662837,flared,English
668,718.0,23.7371134021,9.25257731959,camo,English
2433,717.0,0.0,100.0,ties,English
897,715.0,48.0464625132,75.5015839493,cremalleras,Spanish
1633,714.0,47.2676644622,12.426035503,mochila,Spanish
1221,714.0,29.1724714405,19.894120925,gorra,Spanish
1193,712.0,16.3987138264,57.2347266881,gathered,English
2143,712.0,25.2541047694,55.6684910086,satin,English
1486,712.0,0.0,100.0,lencera,Spanish
1275,711.0,44.555984556,13.7258687259,high,Spanish
1454,710.0,41.4545454545,36.8831168831,lana,Spanish
2498,709.0,17.7106005643,5.71543732366,tshirt,English
1685,705.0,23.723335488,45.5720749838,necklace,English
1010,704.0,21.6644993498,4.57737321196,dresses,English
1160,703.0,0.0,100.0,frills,English
736,700.0,30.0109130593,3.63768643143,chamarra,Spanish
2272,699.0,5.68047337278,82.7218934911,sombrero,Spanish
1923,698.0,19.3863319386,48.6750348675,plano,Spanish
2561,697.0,27.5644141954,33.8842975207,vestir,Spanish
1318,695.0,50.2894954508,19.1618417425,iphone,English
1691,694.0,48.1884557102,9.56054552969,negros,Spanish
30,688.0,47.0893970894,35.7588357588,187,Spanish
885,687.0,36.1428571429,19.6285714286,cortos,Spanish
2203,687.0,23.8465814341,38.1878821568,silver,English
1081,686.0,0.0,100.0,fashion,English
1372,685.0,25.3224610823,5.07783543365,jerseis,Spanish
2378,683.0,0.0,100.0,talla,Spanish
2363,683.0,0.0,100.0,swimsuit,English
540,682.0,38.7147335423,35.632183908,bordados,Spanish
2081,673.0,12.7475247525,83.2920792079,rock,Spanish
1981,671.0,0.0,100.0,power,Spanish
307,669.0,49.4986326345,60.9845031905,alta,Spanish
1468,669.0,31.8651066758,46.0426703372,lazo,Spanish
1962,669.0,27.6912181303,47.3796033994,polo,English
1334,668.0,28.7182260681,36.1276365603,jacket,Spanish
712,668.0,50.9682571372,13.3359952086,case,English
688,667.0,30.46875,40.0841346154,capa,Spanish
928,663.0,0.0,100.0,cuffs,English
757,663.0,39.0260869565,23.0608695652,checked,English
2004,663.0,0.0,100.0,pullover,English
1506,662.0,30.8277027027,55.9121621622,line,English
1226,661.0,0.0,100.0,gown,English
859,657.0,5.16066212269,63.9727361246,contrast,English
554,656.0,40.1674815939,3.68684314056,botines,Spanish
2631,654.0,0.0,100.0,yute,Spanish
1444,653.0,45.6606217617,42.292746114,la,Spanish
1011,652.0,0.0,100.0,dressing,English
973,648.0,39.9524375743,77.0511296076,desmontable,Spanish
2640,647.0,0.0,100.0,zipped,English
655,644.0,37.6016260163,43.6314363144,camisero,Spanish
1721,643.0,41.5319747013,45.1862262825,nudo,Spanish
1266,639.0,25.9865255053,61.5014436959,hebilla,Spanish
556,636.0,28.115942029,36.8695652174,botones,Spanish
767,635.0,0.0,100.0,chicas,Spanish
2633,634.0,29.8195572642,3.93129534321,zapatillas,Spanish
388,633.0,48.9776046738,30.817916261,banda,Spanish
1576,633.0,25.1382467591,5.73837367419,men,English
1481,632.0,67.4213665944,8.568329718,leggins,Spanish
26,632.0,37.9733879222,64.6878198567,168,Spanish
1572,631.0,64.0811153359,15.9949302915,medias,Spanish
1644,631.0,46.2421406638,4.61324755081,monos,Spanish
876,629.0,24.9378624689,52.1126760563,corset,English
2329,625.0,21.7086662569,3.84142593731,sueter,Spanish
1340,625.0,0.0,100.0,jacquard,English
950,621.0,33.8758901322,63.1739572737,delantero,Spanish
1175,620.0,46.5665438746,5.85623878341,fundas,Spanish
1705,619.0,0.0,100.0,ninos,Spanish
2278,616.0,25.9812667261,13.7377341659,sport,English
1532,615.0,47.4240422721,81.2417437252,low,Spanish
1462,614.0,49.2467532468,31.8961038961,lateral,Spanish
2380,613.0,0.0,100.0,talle,Spanish
1103,612.0,44.708994709,53.9682539683,fino,Spanish
454,612.0,0.0,100.0,bikinis,Spanish
256,611.0,0.0,100.0,abierta,Spanish
379,610.0,0.0,100.0,baker,English
1089,608.0,75.85089141,32.8471096704,fedez,Spanish
1474,606.0,44.7024198823,19.8168737737,leg,English
2610,605.0,21.6699801193,6.3304384221,woman,English
2502,603.0,0.0,100.0,tube,English
437,600.0,3.99458361544,40.6228842248,bermuda,English
1136,593.0,74.9425815342,13.6196600827,fluffy,English
1319,593.0,50.260213375,7.71532656779,iphone,Spanish
1386,593.0,33.9268735414,5.12576713631,joggers,English
1784,585.0,20.4857444562,61.7740232313,palazzo,English
976,585.0,0.0,100.0,detachable,English
860,580.0,23.5668789809,73.8853503185,contraste,Spanish
1463,580.0,44.8343079922,56.530214425,laterales,Spanish
2563,579.0,0.0,100.0,vichy,Spanish
2573,576.0,24.3605359318,35.0791717418,viscose,English
2420,576.0,32.3632130384,67.0547147846,textura,Spanish
463,575.0,35.3911042945,22.0475460123,blancas,Spanish
2487,574.0,0.0,100.0,trim,English
882,573.0,47.577092511,63.1057268722,corte,Spanish
619,573.0,5.43881334981,70.8281829419,busos,Spanish
756,573.0,36.6205475419,16.8678245511,check,English
346,566.0,26.1074458058,53.3459000943,asimetrico,Spanish
877,566.0,34.0964840556,46.2796402289,corset,Spanish
1946,565.0,0.0,100.0,plumetis,English
1155,559.0,0.0,100.0,friend,Spanish
781,558.0,6.28342245989,74.5989304813,chokers,English
521,558.0,30.6206896552,38.4827586207,bolsillo,Spanish
905,557.0,27.186009539,5.90355060943,crop,Spanish
837,555.0,35.3013530135,34.1328413284,collar,Spanish
2619,555.0,60.2284011917,27.5571002979,wool,English
946,554.0,15.3378378378,37.4324324324,de,English
1614,553.0,14.8377125193,42.7357032457,military,English
537,553.0,16.5730337079,77.6685393258,bordada,Spanish
891,551.0,13.8274815778,23.8838318162,cotton,English
1223,549.0,33.569675484,14.9713662394,gorro,Spanish
1341,549.0,0.0,100.0,jacquard,Spanish
820,548.0,6.2404870624,83.4094368341,co,English
1131,545.0,9.14454277286,32.1533923304,flowing,English
1689,541.0,41.449031171,15.1923616962,negras,Spanish
1637,541.0,68.5115441297,8.85868675291,mom,Spanish
919,538.0,37.4701670644,64.200477327,cruzada,Spanish
2477,536.0,0.0,100.0,transparentes,Spanish
1870,536.0,44.8116438356,9.17808219178,pendientes,Spanish
1587,534.0,42.1508034611,22.0024721879,mesonera,Spanish
1731,532.0,0.0,100.0,ofertas,Spanish
1692,531.0,1.5873015873,56.1904761905,neon,English
2341,530.0,28.8659793814,15.1775486827,super,English
1940,529.0,26.2566528681,31.2832643406,pleated,English
2387,529.0,0.0,100.0,tartan,English
2339,529.0,22.9565217391,46.0,sunglasses,English
609,527.0,13.5176651306,80.9523809524,buckle,English
2346,527.0,0.0,100.0,sweater,Spanish
1635,524.0,18.2209469154,75.1793400287,moda,Spanish
392,524.0,0.0,100.0,bandeau,English
2039,523.0,32.8727691422,30.1093839954,raya,Spanish
2064,522.0,0.0,100.0,reversibles,Spanish
1789,518.0,32.4652777778,14.9884259259,pana,Spanish
2423,518.0,16.8949771689,78.8432267884,the,Spanish
310,516.0,44.2105263158,77.5939849624,altos,Spanish
285,515.0,17.6356589147,33.2687338501,acordonado,Spanish
2506,513.0,56.9811320755,27.6549865229,tulle,English
2402,513.0,27.5743707094,58.6956521739,tejido,Spanish
2566,512.0,0.0,100.0,vino,Spanish
1351,511.0,28.5816311955,7.29895729182,jean,Spanish
994,510.0,0.0,100.0,dog,English
722,509.0,24.0740740741,2.30462736575,cazadoras,Spanish
408,508.0,19.5605342525,21.8871176217,basic,English
1497,507.0,12.0786516854,47.4719101124,leopardo,Spanish
2167,505.0,16.1858974359,80.9294871795,shiny,English
1424,505.0,0.0,100.0,kids,English
1020,503.0,34.6514047867,26.1706555671,earrings,English
335,502.0,47.5092936803,37.3234200743,antelina,Spanish
2476,501.0,53.3796374725,8.48720989327,transparente,Spanish
849,500.0,6.52528548124,81.5660685155,coloured,English
687,499.0,19.9885452463,28.5796105384,cap,English
1704,495.0,0.0,100.0,nino,Spanish
385,495.0,14.502657555,37.5854214123,banador,Spanish
35,494.0,0.0,100.0,2,English
1934,491.0,9.77247295785,18.3140619172,playera,Spanish
2641,489.0,0.0,100.0,zipper,English
1291,487.0,17.6289453426,37.4903772132,hombros,Spanish
2255,487.0,41.1126187246,66.078697422,smoking,Spanish
570,486.0,43.1613819214,23.0004732608,boyfriend,Spanish
255,485.0,46.6965285554,54.3113101904,aberturas,Spanish
2547,485.0,0.0,100.0,vent,English
381,483.0,0.0,100.0,ballerina,English
765,482.0,0.0,100.0,chest,English
1758,482.0,48.869047619,28.6904761905,over,English
846,482.0,28.6634460548,77.616747182,colores,Spanish
263,480.0,35.4575946334,22.9995208433,ac,Spanish
1389,480.0,53.8848518726,8.94354387926,jogging,English
2014,480.0,0.0,100.0,puntilla,Spanish
1101,480.0,63.6908727515,31.9786808794,fine,English
2171,478.0,8.88421245254,2.18674230294,shirts,English
70,478.0,27.0304568528,60.6598984772,4,Spanish
1243,476.0,0.0,100.0,guipur,Spanish
599,476.0,26.6480446927,26.5921787709,brillo,Spanish
2549,475.0,37.5146541618,55.6858147714,veracruz,Spanish
1686,474.0,12.2866894198,80.8873720137,necklaces,English
945,474.0,41.5752098128,30.6003873467,dc,Spanish
549,474.0,51.8296529968,14.952681388,bota,Spanish
1210,473.0,24.1379310345,74.1379310345,girls,English
1375,473.0,25.1228522046,1.60300945538,jerseys,Spanish
304,470.0,31.4393939394,12.7164502165,algodon,Spanish
931,470.0,9.66494845361,60.5670103093,culotte,English
848,468.0,0.0,100.0,colour,English
2186,467.0,28.1433718946,8.85643846008,shorts,Spanish
807,466.0,0.0,100.0,cisne,Spanish
2294,466.0,12.3456790123,82.1869488536,straight,English
2355,465.0,10.6157112527,32.9087048832,sweatshirts,English
1094,463.0,0.0,100.0,femme,English
1785,463.0,0.0,100.0,palazzo,Spanish
700,460.0,56.0904684976,7.43134087237,cardigan,English
1531,459.0,50.6798516687,56.7367119901,low,English
953,458.0,30.2287581699,74.8366013072,demin,Spanish
622,458.0,56.3850687623,29.9934512115,button,English
1561,457.0,23.5454545455,41.5454545455,marron,Spanish
2285,456.0,15.6725146199,53.3333333333,star,English
962,456.0,22.2608024691,17.5925925926,deportiva,Spanish
738,454.0,22.2485867821,1.58419987438,chamarras,Spanish
1187,454.0,38.4695290859,15.7202216066,gafas,Spanish
1972,450.0,5.73248407643,71.6560509554,poncho,Spanish
1969,450.0,32.6431181486,54.8112058465,pompon,Spanish
513,446.0,0.0,100.0,bohemian,English
389,446.0,0.0,100.0,bandana,English
1913,445.0,34.7693867207,22.554485555,pitillo,Spanish
1253,443.0,2.4868123587,33.3835719668,halloween,English
290,442.0,1.05124835742,58.0814717477,adjustable,English
1373,442.0,25.0177683014,31.4143567875,jersey,English
2550,441.0,0.0,100.0,verano,Spanish
1657,441.0,62.7201565558,43.1506849315,mouse,English
387,438.0,8.37378640777,26.5776699029,band,English
2122,438.0,15.4752553024,34.4069128044,s,Spanish
2622,435.0,14.0,58.0,wrap,English
1236,431.0,37.4709527498,8.34624322231,grey,English
934,431.0,19.2307692308,66.3076923077,cuna,Spanish
1488,430.0,8.90302066773,68.3624801272,lenceria,Spanish
853,427.0,46.6331658291,42.9145728643,combined,English
1092,427.0,0.0,100.0,female,English
2516,427.0,66.8929503916,22.2976501305,turtle,English
1883,427.0,0.0,100.0,petite,English
1014,426.0,39.9005355777,16.2968630451,dungarees,English
36,426.0,18.2156133829,79.1821561338,2,Spanish
2036,425.0,33.2608695652,46.1956521739,ramones,Spanish
2268,425.0,19.9252801993,52.9265255293,soft,English
2145,424.0,44.7633587786,12.9465648855,scarf,English
1290,424.0,21.3063763608,65.9409020218,hombro,Spanish
2291,423.0,0.0,100.0,stones,English
1753,420.0,0.0,100.0,otono,Spanish
2031,420.0,19.6517412935,52.2388059701,rain,English
2597,417.0,12.8595600677,70.5583756345,wear,English
465,416.0,57.7879831611,7.96019900498,blancos,Spanish
2212,415.0,0.0,100.0,sister,Spanish
1073,411.0,14.8514851485,45.2145214521,faded,English
287,409.0,0.0,100.0,act,English
534,408.0,42.4337517434,14.2259414226,boot,English
1522,407.0,38.1431767338,45.5257270694,long,Spanish
2253,407.0,0.0,100.0,small,English
299,405.0,59.6428571429,48.2142857143,ajustada,Spanish
810,404.0,0.0,100.0,clasico,Spanish
1891,402.0,37.9631843175,9.61032751614,pico,Spanish
427,402.0,55.1767676768,16.9191919192,beisbolera,Spanish
2344,399.0,23.6526946108,14.9326347305,sweat,English
274,398.0,0.0,100.0,acdc,English
1426,397.0,30.4721030043,34.0772532189,kimono,English
913,396.0,27.6864728192,50.0632111252,cross,English
1528,395.0,25.4113345521,72.2120658135,los,Spanish
96,393.0,55.7881773399,48.3990147783,5077,Spanish
597,392.0,40.5330882353,36.0294117647,brillante,Spanish
1963,392.0,74.1137675185,16.1582852432,polo,Spanish
1944,391.0,47.4167987322,12.3930269414,plumas,Spanish
2460,391.0,48.1381178064,26.4725795531,tote,English
1027,390.0,41.975308642,43.771043771,el,Spanish
2088,389.0,25.3571428571,46.3095238095,roll,English
852,389.0,57.399103139,24.9199231262,combinado,Spanish
47,388.0,76.5293383271,24.2197253433,231,Spanish
376,388.0,41.1847672779,54.7249647391,bailarina,Spanish
2047,387.0,12.4926340601,11.4024749558,red,Spanish
1029,387.0,37.4324324324,52.2972972973,elastica,Spanish
718,385.0,10.4651162791,49.7416020672,cat,English
2091,384.0,0.0,100.0,rolling,English
2467,384.0,30.2810516772,34.8141432457,tracksuit,English
689,384.0,7.98045602606,62.5407166124,cape,English
1893,383.0,0.0,100.0,piece,English
1174,383.0,43.8197131801,8.71841566128,funda,Spanish
351,382.0,0.0,100.0,atilde,Spanish
2041,382.0,0.0,100.0,re,English
2209,382.0,0.0,100.0,single,English
2612,381.0,0.0,100.0,woman's,English
2168,381.0,0.0,100.0,shirred,English
1766,381.0,14.7302904564,79.0456431535,overshirt,English
1866,377.0,0.0,100.0,peluche,Spanish
1510,376.0,0.0,100.0,lingerie,English
2447,376.0,0.0,100.0,toe,English
1350,376.0,28.8838182164,7.1496482221,jean,English
460,375.0,13.3369330454,20.2483801296,black,Spanish
1235,375.0,34.8074179743,6.68687589158,green,English
857,375.0,0.0,100.0,conjunto,Spanish
1769,374.0,39.5306028532,17.2112287161,oversize,English
623,373.0,0.0,100.0,buttoned,English
2451,373.0,0.0,100.0,too,English
2077,373.0,0.0,100.0,rise,Spanish
1260,373.0,21.1140583554,19.7877984085,hat,English
1149,369.0,55.3383458647,55.4887218045,forro,Spanish
952,367.0,0.0,100.0,demin,English
573,367.0,87.5615763547,22.5985221675,boys,Spanish
914,365.0,0.0,100.0,crossed,English
1509,365.0,3.0888030888,70.4633204633,linen,English
2556,364.0,7.50988142292,20.5533596838,veste,English
787,364.0,21.5335005374,13.0419204586,chubasquero,Spanish
289,361.0,0.0,100.0,adidas,Spanish
475,361.0,0.0,100.0,blond,English
303,361.0,0.0,100.0,al,Spanish
378,361.0,0.0,100.0,bajos,Spanish
1610,359.0,74.5194947831,19.7144426139,midi,Spanish
1384,359.0,33.7502649989,7.61076955692,jogger,English
686,358.0,2.52252252252,64.5045045045,canvas,English
1206,358.0,9.33488914819,41.7736289382,girl,English
2245,357.0,46.2791721708,15.7199471598,slim,Spanish
319,357.0,0.0,100.0,ancha,Spanish
1499,356.0,24.4652406417,47.5935828877,letras,Spanish
2165,356.0,15.5361050328,77.8993435449,shimmer,English
2481,356.0,18.4290030211,13.4441087613,trench,English
1904,355.0,27.0613107822,37.5264270613,pink,Spanish
412,355.0,32.1792260692,18.0753564155,basico,Spanish
1912,353.0,17.1288743883,57.5856443719,piso,Spanish
620,353.0,0.0,100.0,bustier,English
705,353.0,61.2025769506,25.268432355,cargo,Spanish
2392,353.0,59.9257884972,32.745825603,tecnico,Spanish
2379,352.0,0.0,100.0,tallas,Spanish
2069,351.0,51.5789473684,33.5885167464,rings,English
1977,350.0,0.0,100.0,por,Spanish
980,348.0,0.0,100.0,detalles,Spanish
2618,347.0,0.0,100.0,wood,English
2008,347.0,38.3720930233,40.3488372093,pulsera,Spanish
2343,345.0,0.0,100.0,superskinny,Spanish
1919,345.0,0.0,100.0,planaforma,Spanish
870,344.0,54.7183613753,25.1645940015,cordon,Spanish
2312,344.0,0.0,100.0,studs,English
402,343.0,23.1662269129,6.03342128408,baqueros,Spanish
1906,343.0,19.3347193347,71.3097713098,pins,Spanish
1246,342.0,15.5069582505,67.9920477137,guns,Spanish
391,341.0,24.8306997743,76.9751693002,bandas,Spanish
2412,341.0,0.0,100.0,tension,English
429,341.0,29.8578199052,53.8704581359,bell,English
360,341.0,0.0,100.0,baby,English
648,341.0,0.0,100.0,cami,English
395,340.0,0.0,100.0,bands,English
40,340.0,0.0,100.0,2017,Spanish
446,340.0,0.0,100.0,bff,Spanish
2419,340.0,0.0,100.0,textos,Spanish
2336,338.0,36.3801452785,20.4600484262,sujetador,Spanish
1717,335.0,50.5094614265,48.7627365357,notebook,English
932,335.0,28.0383795309,35.7142857143,culotte,Spanish
1031,335.0,65.376984127,33.2341269841,elasticos,Spanish
1008,334.0,0.0,100.0,dress,Spanish
1153,333.0,8.76685934489,32.0809248555,friday,Spanish
1867,332.0,0.0,100.0,pencil,English
1803,332.0,7.94392523364,51.7133956386,pantalon,English
2485,331.0,0.0,100.0,tribe,Spanish
1546,331.0,23.1320091879,4.47236859884,man,English
1922,331.0,0.0,100.0,planner,English
2154,330.0,0.0,100.0,septum,Spanish
1205,329.0,0.0,100.0,gingham,English
1151,329.0,24.0740740741,46.8660968661,frayed,English
483,329.0,29.8472596586,5.91194968553,blue,English
1739,329.0,0.0,100.0,one,English
1746,327.0,0.0,100.0,ord,English
696,327.0,0.0,100.0,caramel,English
1218,326.0,32.6139088729,39.0887290168,goma,Spanish
2170,326.0,14.2303969022,15.7792836399,shirt,Spanish
2206,326.0,0.0,100.0,simpsons,English
315,326.0,54.7702152414,9.48225712624,americana,Spanish
1759,325.0,45.4390451833,27.7067348679,over,Spanish
1516,325.0,36.4554637282,29.8438934803,llavero,Spanish
2452,325.0,0.0,100.0,tooth,English
1846,323.0,0.0,100.0,pata,Spanish
1853,323.0,54.822954823,39.4383394383,patent,English
1229,323.0,41.0587997575,6.52657102445,granate,Spanish
1017,323.0,0.0,100.0,dye,Spanish
2625,323.0,0.0,100.0,xs,Spanish
306,322.0,51.7909002904,31.1713455954,all,Spanish
695,322.0,0.0,100.0,car,English
1932,321.0,0.0,100.0,platforms,English
2588,320.0,0.0,100.0,wars,English
2287,319.0,20.4208885425,24.8636009353,stiletto,English
372,318.0,0.0,100.0,bae,Spanish
2244,318.0,38.8935456832,26.6554903604,slim,English
1139,318.0,52.1505376344,42.7419354839,fluida,Spanish
978,317.0,0.0,100.0,details,English
2025,317.0,0.0,100.0,pyjamas,English
1016,317.0,0.0,100.0,dye,English
1707,317.0,0.0,100.0,nirvana,Spanish
232,316.0,47.195622435,43.2284541724,800,English
2368,315.0,12.8526645768,19.7492163009,t,Spanish
2292,314.0,17.9439252336,58.691588785,stones,Spanish
1267,314.0,0.0,100.0,hebillas,Spanish
2465,314.0,16.7728237792,66.6666666667,track,English
1581,313.0,0.0,100.0,mensajes,Spanish
1097,313.0,47.7607113985,5.0606305578,fiesta,Spanish
2092,313.0,20.9770114943,44.9712643678,rolling,Spanish
411,312.0,20.3033268102,15.2641878669,basicas,Spanish
633,312.0,30.0142247511,44.3812233286,cadena,Spanish
2218,310.0,81.7535545024,24.4865718799,skater,Spanish
2075,310.0,0.0,100.0,rips,English
1596,309.0,39.1856555846,11.5427717594,metalizado,Spanish
1066,309.0,0.0,100.0,extra,Spanish
1675,309.0,0.0,100.0,n,Spanish
1068,308.0,14.4736842105,67.5438596491,eye,English
1458,307.0,0.0,100.0,large,English
1227,307.0,0.0,100.0,grabado,Spanish
1208,307.0,0.0,100.0,girlfriend,English
1067,306.0,0.0,100.0,extraible,Spanish
1855,306.0,47.619047619,25.5639097744,pearl,English
260,305.0,70.2840495266,22.2141296431,abullonada,Spanish
2373,305.0,64.2072818339,5.87555384319,tailored,English
2572,305.0,48.8041853513,22.7952167414,viscosa,Spanish
2489,304.0,0.0,100.0,tropical,English
544,304.0,41.7532467532,19.7402597403,borrego,Spanish
2617,303.0,23.0211710853,5.77913408354,womens,English
1270,302.0,34.2776203966,12.2217725617,heels,English
2553,302.0,28.1959766385,4.89941596366,vest,English
567,302.0,0.0,100.0,boy,English
236,301.0,50.0658761528,39.6574440053,810,Spanish
1402,301.0,12.3885365505,1.4353154356,jumpers,English
1244,301.0,0.0,100.0,guipure,English
1503,301.0,26.1061946903,44.395280236,light,English
25,301.0,50.8658008658,65.1515151515,168,English
2002,301.0,20.5921938089,40.5114401077,pull,English
1935,300.0,9.7862615943,4.03280010754,playeras,Spanish
2576,300.0,30.3425774878,48.9396411093,volumen,Spanish
2403,299.0,0.0,100.0,tela,Spanish
542,299.0,0.0,100.0,borg,English
2306,299.0,25.361512792,33.2591768632,stripes,English
2455,299.0,46.7156862745,14.6568627451,topos,Spanish
2126,299.0,0.0,100.0,safari,English
1209,299.0,0.0,100.0,girlfriend,Spanish
1106,298.0,28.6681715576,67.2686230248,fishnet,English
1439,298.0,0.0,100.0,koala,Spanish
777,297.0,43.526292532,13.1241714538,chocker,Spanish
2288,297.0,0.0,100.0,stitching,English
84,296.0,81.3294797688,17.1098265896,5,Spanish
618,296.0,0.0,100.0,buso,Spanish
2310,296.0,0.0,100.0,studded,English
1971,296.0,0.0,100.0,poncho,English
640,296.0,32.7027027027,8.88888888889,calcetines,Spanish
1839,295.0,72.9638958858,8.25636719843,parkas,Spanish
563,295.0,0.0,100.0,bows,English
1599,295.0,14.5748987854,59.7165991903,metallica,Spanish
1360,293.0,75.3448275862,16.8390804598,jegging,Spanish
203,291.0,47.6038338658,30.9904153355,7,English
1968,291.0,0.0,100.0,pompoms,English
46,290.0,80.7925151348,15.9603742433,231,English
839,289.0,15.6108597285,65.3846153846,collection,English
1941,289.0,51.6816143498,32.399103139,plisada,Spanish
2284,288.0,0.0,100.0,stains,English
713,287.0,0.0,100.0,case,Spanish
1679,287.0,13.5078534031,30.0523560209,navidad,Spanish
254,286.0,42.0035149385,50.2636203866,abertura,Spanish
2111,285.0,39.972289574,9.87183927953,roto,Spanish
1958,285.0,0.0,100.0,pointed,English
2432,285.0,0.0,100.0,tie,Spanish
1873,285.0,0.0,100.0,perforated,English
1534,285.0,49.4667760459,7.79327317473,lunares,Spanish
1564,285.0,53.9070227498,28.1899109792,masculine,English
1133,284.0,0.0,100.0,floyd,English
2052,283.0,0.0,100.0,regalo,Spanish
317,282.0,0.0,100.0,amigas,Spanish
1671,282.0,37.6247183779,9.07627936917,mustard,English
2578,281.0,26.358974359,28.8205128205,vuelta,Spanish
291,280.0,0.0,100.0,adolescente,Spanish
2494,279.0,24.1639901757,5.27111279048,trouser,English
2521,279.0,0.0,100.0,twin,English
960,279.0,35.2869139258,4.88103568929,deporte,Spanish
264,279.0,0.0,100.0,acampanada,Spanish
1099,279.0,76.6767371601,16.8580060423,fina,Spanish
1316,277.0,30.2250803859,29.6891747053,interior,Spanish
2434,277.0,0.0,100.0,tiger,English
1123,276.0,30.0,36.3157894737,fleece,English
396,276.0,0.0,100.0,banera,Spanish
473,276.0,0.0,100.0,bleach,English
2085,275.0,46.2341536167,20.5070842655,rojas,Spanish
1511,275.0,0.0,100.0,lining,English
1708,274.0,9.93520518359,59.1792656587,no,English
624,274.0,18.0701754386,48.0701754386,buttons,English
311,273.0,43.0087678819,12.5980618366,amarilla,Spanish
838,273.0,33.3795975017,18.9451769604,collares,Spanish
2592,272.0,65.1589789521,12.1809225258,watch,English
2267,270.0,30.8245711123,14.9418926397,socks,English
1579,270.0,36.200597808,8.96712055795,mens,English
1918,270.0,43.537414966,61.2244897959,plana,Spanish
603,270.0,20.4318936877,44.8504983389,brown,English
2488,270.0,0.0,100.0,trimming,English
1203,269.0,50.8425811755,11.0563090834,gilet,English
1725,269.0,23.3885819521,49.5395948435,o,Spanish
1881,269.0,0.0,100.0,perro,Spanish
634,267.0,30.1848049281,54.8254620123,cadenas,Spanish
2366,267.0,0.0,100.0,swiss,English
2599,267.0,0.0,100.0,weight,English
2522,266.0,0.0,100.0,two,English
639,266.0,59.8066298343,18.3701657459,calcetin,Spanish
759,265.0,0.0,100.0,chelsea,English
149,265.0,38.6018237082,40.273556231,6,English
1255,265.0,12.4505928854,52.371541502,halter,English
1601,265.0,35.4515474378,3.36123795028,mezclilla,Spanish
1914,265.0,34.9565217391,15.3623188406,pitillos,Spanish
1693,265.0,0.0,100.0,neoprene,English
2334,265.0,19.3473193473,61.7715617716,suits,English
2061,264.0,0.0,100.0,retro,English
369,263.0,0.0,100.0,bad,English
1180,262.0,23.273657289,67.0076726343,furry,English
1984,261.0,12.6179245283,30.7783018868,print,Spanish
2213,260.0,0.0,100.0,sisters,Spanish
683,260.0,44.1373534338,10.8877721943,canguro,Spanish
1676,259.0,0.0,100.0,nadadora,Spanish
2107,258.0,0.0,100.0,roses,English
292,258.0,0.0,100.0,adolescentes,Spanish
1754,258.0,36.8956743003,65.6488549618,ottoman,Spanish
1504,258.0,15.0684931507,44.1780821918,lightweight,English
1144,257.0,0.0,100.0,forever,Spanish
642,257.0,0.0,100.0,call,English
1308,256.0,7.46666666667,68.2666666667,hot,Spanish
333,255.0,0.0,100.0,anos,Spanish
1217,255.0,18.5614849188,29.5823665893,gold,English
350,255.0,0.0,100.0,athletic,English
2231,255.0,38.184079602,3.96455223881,skirts,English
1652,253.0,34.5944770602,5.50119591215,mostaza,Spanish
1625,252.0,0.0,100.0,missed,English
2490,252.0,0.0,100.0,tropical,Spanish
1289,252.0,25.2177900046,5.77716643741,hombres,Spanish
2475,252.0,25.3263707572,65.7963446475,transparent,English
2328,252.0,0.0,100.0,suela,Spanish
1701,252.0,0.0,100.0,nike,Spanish
2527,251.0,0.0,100.0,unicorn,English
1461,250.0,37.5,53.8793103448,las,Spanish
